-- phpMyAdmin SQL Dump
-- version 4.8.4
-- https://www.phpmyadmin.net/
--
-- Host: 127.0.0.1
-- Generation Time: Mar 11, 2019 at 11:14 PM
-- Server version: 10.1.37-MariaDB
-- PHP Version: 7.3.1

SET SQL_MODE = "NO_AUTO_VALUE_ON_ZERO";
SET AUTOCOMMIT = 0;
START TRANSACTION;
SET time_zone = "+00:00";


/*!40101 SET @OLD_CHARACTER_SET_CLIENT=@@CHARACTER_SET_CLIENT */;
/*!40101 SET @OLD_CHARACTER_SET_RESULTS=@@CHARACTER_SET_RESULTS */;
/*!40101 SET @OLD_COLLATION_CONNECTION=@@COLLATION_CONNECTION */;
/*!40101 SET NAMES utf8mb4 */;

--
-- Database: `smsdata`
--
CREATE DATABASE IF NOT EXISTS `smsdata` DEFAULT CHARACTER SET latin1 COLLATE latin1_swedish_ci;
USE `smsdata`;

-- --------------------------------------------------------

--
-- Table structure for table `countries`
--

DROP TABLE IF EXISTS `countries`;
CREATE TABLE IF NOT EXISTS `countries` (
  `cnt_id` int(11) NOT NULL AUTO_INCREMENT,
  `cnt_code` varchar(45) DEFAULT NULL,
  `cnt_title` varchar(45) DEFAULT NULL,
  `cnt_created` date DEFAULT NULL,
  PRIMARY KEY (`cnt_id`)
) ENGINE=InnoDB AUTO_INCREMENT=244 DEFAULT CHARSET=latin1;

--
-- Dumping data for table `countries`
--

INSERT INTO `countries` (`cnt_id`, `cnt_code`, `cnt_title`, `cnt_created`) VALUES
(1, '93', 'Afghanistan', '2019-03-05'),
(2, '355', 'Albania', '2019-03-05'),
(3, '213', 'Algeria', '2019-03-05'),
(4, '1-684', 'American Samoa', '2019-03-05'),
(5, '376', 'Andorra', '2019-03-05'),
(6, '244', 'Angola', '2019-03-05'),
(7, '1-264', 'Anguilla', '2019-03-05'),
(8, '672', 'Antarctica', '2019-03-05'),
(9, '1-268', 'Antigua and Barbuda', '2019-03-05'),
(10, '54', 'Argentina', '2019-03-05'),
(11, '374', 'Armenia', '2019-03-05'),
(12, '297', 'Aruba', '2019-03-05'),
(13, '61', 'Australia', '2019-03-05'),
(14, '43', 'Austria', '2019-03-05'),
(15, '994', 'Azerbaijan', '2019-03-05'),
(16, '1-242', 'Bahamas', '2019-03-05'),
(17, '973', 'Bahrain', '2019-03-05'),
(18, '880', 'Bangladesh', '2019-03-05'),
(19, '1-246', 'Barbados', '2019-03-05'),
(20, '375', 'Belarus', '2019-03-05'),
(21, '32', 'Belgium', '2019-03-05'),
(22, '501', 'Belize', '2019-03-05'),
(23, '229', 'Benin', '2019-03-05'),
(24, '1-441', 'Bermuda', '2019-03-05'),
(25, '975', 'Bhutan', '2019-03-05'),
(26, '591', 'Bolivia', '2019-03-05'),
(27, '387', 'Bosnia and Herzegovina', '2019-03-05'),
(28, '267', 'Botswana', '2019-03-05'),
(29, '55', 'Brazil', '2019-03-05'),
(30, '246', 'British Indian Ocean Territory', '2019-03-05'),
(31, '1-284', 'British Virgin Islands', '2019-03-05'),
(32, '673', 'Brunei', '2019-03-05'),
(33, '359', 'Bulgaria', '2019-03-05'),
(34, '226', 'Burkina Faso', '2019-03-05'),
(35, '257', 'Burundi', '2019-03-05'),
(36, '855', 'Cambodia', '2019-03-05'),
(37, '237', 'Cameroon', '2019-03-05'),
(38, '1', 'Canada', '2019-03-05'),
(39, '238', 'Cape Verde', '2019-03-05'),
(40, '1-345', 'Cayman Islands', '2019-03-05'),
(41, '236', 'Central African Republic', '2019-03-05'),
(42, '235', 'Chad', '2019-03-05'),
(43, '56', 'Chile', '2019-03-05'),
(44, '86', 'China', '2019-03-05'),
(45, '61', 'Christmas Island', '2019-03-05'),
(46, '61', 'Cocos Islands', '2019-03-05'),
(47, '57', 'Colombia', '2019-03-05'),
(48, '269', 'Comoros', '2019-03-05'),
(49, '682', 'Cook Islands', '2019-03-05'),
(50, '506', 'Costa Rica', '2019-03-05'),
(51, '385', 'Croatia', '2019-03-05'),
(52, '53', 'Cuba', '2019-03-05'),
(53, '599', 'Curacao', '2019-03-05'),
(54, '357', 'Cyprus', '2019-03-05'),
(55, '420', 'Czech Republic', '2019-03-05'),
(56, '243', 'Democratic Republic of the Congo', '2019-03-05'),
(57, '45', 'Denmark', '2019-03-05'),
(58, '253', 'Djibouti', '2019-03-05'),
(59, '1-767', 'Dominica', '2019-03-05'),
(60, '1-809', 'Dominican Republic', '2019-03-05'),
(61, '1-829', 'Dominican Republic', '2019-03-05'),
(62, '1-849', 'Dominican Republic', '2019-03-05'),
(63, '670', 'East Timor', '2019-03-05'),
(64, '593', 'Ecuador', '2019-03-05'),
(65, '20', 'Egypt', '2019-03-05'),
(66, '503', 'El Salvador', '2019-03-05'),
(67, '240', 'Equatorial Guinea', '2019-03-05'),
(68, '291', 'Eritrea', '2019-03-05'),
(69, '372', 'Estonia', '2019-03-05'),
(70, '251', 'Ethiopia', '2019-03-05'),
(71, '500', 'Falkland Islands', '2019-03-05'),
(72, '298', 'Faroe Islands', '2019-03-05'),
(73, '679', 'Fiji', '2019-03-05'),
(74, '358', 'Finland', '2019-03-05'),
(75, '33', 'France', '2019-03-05'),
(76, '689', 'French Polynesia', '2019-03-05'),
(77, '241', 'Gabon', '2019-03-05'),
(78, '220', 'Gambia', '2019-03-05'),
(79, '995', 'Georgia', '2019-03-05'),
(80, '49', 'Germany', '2019-03-05'),
(81, '233', 'Ghana', '2019-03-05'),
(82, '350', 'Gibraltar', '2019-03-05'),
(83, '30', 'Greece', '2019-03-05'),
(84, '299', 'Greenland', '2019-03-05'),
(85, '1-473', 'Grenada', '2019-03-05'),
(86, '1-671', 'Guam', '2019-03-05'),
(87, '502', 'Guatemala', '2019-03-05'),
(88, '44-1481', 'Guernsey', '2019-03-05'),
(89, '224', 'Guinea', '2019-03-05'),
(90, '245', 'Guinea-Bissau', '2019-03-05'),
(91, '592', 'Guyana', '2019-03-05'),
(92, '509', 'Haiti', '2019-03-05'),
(93, '504', 'Honduras', '2019-03-05'),
(94, '852', 'Hong Kong', '2019-03-05'),
(95, '36', 'Hungary', '2019-03-05'),
(96, '354', 'Iceland', '2019-03-05'),
(97, '91', 'India', '2019-03-05'),
(98, '62', 'Indonesia', '2019-03-05'),
(99, '98', 'Iran', '2019-03-05'),
(100, '964', 'Iraq', '2019-03-05'),
(101, '353', 'Ireland', '2019-03-05'),
(102, '44-1624', 'Isle of Man', '2019-03-05'),
(103, '972', 'Israel', '2019-03-05'),
(104, '39', 'Italy', '2019-03-05'),
(105, '225', 'Ivory Coast', '2019-03-05'),
(106, '1-876', 'Jamaica', '2019-03-05'),
(107, '81', 'Japan', '2019-03-05'),
(108, '44-1534', 'Jersey', '2019-03-05'),
(109, '962', 'Jordan', '2019-03-05'),
(110, '7', 'Kazakhstan', '2019-03-05'),
(111, '254', 'Kenya', '2019-03-05'),
(112, '686', 'Kiribati', '2019-03-05'),
(113, '383', 'Kosovo', '2019-03-05'),
(114, '965', 'Kuwait', '2019-03-05'),
(115, '996', 'Kyrgyzstan', '2019-03-05'),
(116, '856', 'Laos', '2019-03-05'),
(117, '371', 'Latvia', '2019-03-05'),
(118, '961', 'Lebanon', '2019-03-05'),
(119, '266', 'Lesotho', '2019-03-05'),
(120, '231', 'Liberia', '2019-03-05'),
(121, '218', 'Libya', '2019-03-05'),
(122, '423', 'Liechtenstein', '2019-03-05'),
(123, '370', 'Lithuania', '2019-03-05'),
(124, '352', 'Luxembourg', '2019-03-05'),
(125, '853', 'Macau', '2019-03-05'),
(126, '389', 'Macedonia', '2019-03-05'),
(127, '261', 'Madagascar', '2019-03-05'),
(128, '265', 'Malawi', '2019-03-05'),
(129, '60', 'Malaysia', '2019-03-05'),
(130, '960', 'Maldives', '2019-03-05'),
(131, '223', 'Mali', '2019-03-05'),
(132, '356', 'Malta', '2019-03-05'),
(133, '692', 'Marshall Islands', '2019-03-05'),
(134, '222', 'Mauritania', '2019-03-05'),
(135, '230', 'Mauritius', '2019-03-05'),
(136, '262', 'Mayotte', '2019-03-05'),
(137, '52', 'Mexico', '2019-03-05'),
(138, '691', 'Micronesia', '2019-03-05'),
(139, '373', 'Moldova', '2019-03-05'),
(140, '377', 'Monaco', '2019-03-05'),
(141, '976', 'Mongolia', '2019-03-05'),
(142, '382', 'Montenegro', '2019-03-05'),
(143, '1-664', 'Montserrat', '2019-03-05'),
(144, '212', 'Morocco', '2019-03-05'),
(145, '258', 'Mozambique', '2019-03-05'),
(146, '95', 'Myanmar', '2019-03-05'),
(147, '264', 'Namibia', '2019-03-05'),
(148, '674', 'Nauru', '2019-03-05'),
(149, '977', 'Nepal', '2019-03-05'),
(150, '31', 'Netherlands', '2019-03-05'),
(151, '599', 'Netherlands Antilles', '2019-03-05'),
(152, '687', 'New Caledonia', '2019-03-05'),
(153, '64', 'New Zealand', '2019-03-05'),
(154, '505', 'Nicaragua', '2019-03-05'),
(155, '227', 'Niger', '2019-03-05'),
(156, '234', 'Nigeria', '2019-03-05'),
(157, '683', 'Niue', '2019-03-05'),
(158, '850', 'North Korea', '2019-03-05'),
(159, '1-670', 'Northern Mariana Islands', '2019-03-05'),
(160, '47', 'Norway', '2019-03-05'),
(161, '968', 'Oman', '2019-03-05'),
(162, '92', 'Pakistan', '2019-03-05'),
(163, '680', 'Palau', '2019-03-05'),
(164, '970', 'Palestine', '2019-03-05'),
(165, '507', 'Panama', '2019-03-05'),
(166, '675', 'Papua New Guinea', '2019-03-05'),
(167, '595', 'Paraguay', '2019-03-05'),
(168, '51', 'Peru', '2019-03-05'),
(169, '63', 'Philippines', '2019-03-05'),
(170, '64', 'Pitcairn', '2019-03-05'),
(171, '48', 'Poland', '2019-03-05'),
(172, '351', 'Portugal', '2019-03-05'),
(173, '1-787', 'Puerto Rico', '2019-03-05'),
(174, '1-939', 'Puerto Rico', '2019-03-05'),
(175, '974', 'Qatar', '2019-03-05'),
(176, '242', 'Republic of the Congo', '2019-03-05'),
(177, '262', 'Reunion', '2019-03-05'),
(178, '40', 'Romania', '2019-03-05'),
(179, '7', 'Russia', '2019-03-05'),
(180, '250', 'Rwanda', '2019-03-05'),
(181, '590', 'Saint Barthelemy', '2019-03-05'),
(182, '290', 'Saint Helena', '2019-03-05'),
(183, '1-869', 'Saint Kitts and Nevis', '2019-03-05'),
(184, '1-758', 'Saint Lucia', '2019-03-05'),
(185, '590', 'Saint Martin', '2019-03-05'),
(186, '508', 'Saint Pierre and Miquelon', '2019-03-05'),
(187, '1-784', 'Saint Vincent and the Grenadines', '2019-03-05'),
(188, '685', 'Samoa', '2019-03-05'),
(189, '378', 'San Marino', '2019-03-05'),
(190, '239', 'Sao Tome and Principe', '2019-03-05'),
(191, '966', 'Saudi Arabia', '2019-03-05'),
(192, '221', 'Senegal', '2019-03-05'),
(193, '381', 'Serbia', '2019-03-05'),
(194, '248', 'Seychelles', '2019-03-05'),
(195, '232', 'Sierra Leone', '2019-03-05'),
(196, '65', 'Singapore', '2019-03-05'),
(197, '1-721', 'Sint Maarten', '2019-03-05'),
(198, '421', 'Slovakia', '2019-03-05'),
(199, '386', 'Slovenia', '2019-03-05'),
(200, '677', 'Solomon Islands', '2019-03-05'),
(201, '252', 'Somalia', '2019-03-05'),
(202, '27', 'South Africa', '2019-03-05'),
(203, '82', 'South Korea', '2019-03-05'),
(204, '211', 'South Sudan', '2019-03-05'),
(205, '34', 'Spain', '2019-03-05'),
(206, '94', 'Sri Lanka', '2019-03-05'),
(207, '249', 'Sudan', '2019-03-05'),
(208, '597', 'Suriname', '2019-03-05'),
(209, '47', 'Svalbard and Jan Mayen', '2019-03-05'),
(210, '268', 'Swaziland', '2019-03-05'),
(211, '46', 'Sweden', '2019-03-05'),
(212, '41', 'Switzerland', '2019-03-05'),
(213, '963', 'Syria', '2019-03-05'),
(214, '886', 'Taiwan', '2019-03-05'),
(215, '992', 'Tajikistan', '2019-03-05'),
(216, '255', 'Tanzania', '2019-03-05'),
(217, '66', 'Thailand', '2019-03-05'),
(218, '228', 'Togo', '2019-03-05'),
(219, '690', 'Tokelau', '2019-03-05'),
(220, '676', 'Tonga', '2019-03-05'),
(221, '1-868', 'Trinidad and Tobago', '2019-03-05'),
(222, '216', 'Tunisia', '2019-03-05'),
(223, '90', 'Turkey', '2019-03-05'),
(224, '993', 'Turkmenistan', '2019-03-05'),
(225, '1-649', 'Turks and Caicos Islands', '2019-03-05'),
(226, '688', 'Tuvalu', '2019-03-05'),
(227, '1-340', 'U.S. Virgin Islands', '2019-03-05'),
(228, '256', 'Uganda', '2019-03-05'),
(229, '380', 'Ukraine', '2019-03-05'),
(230, '971', 'United Arab Emirates', '2019-03-05'),
(231, '44', 'United Kingdom', '2019-03-05'),
(232, '1', 'United States', '2019-03-05'),
(233, '598', 'Uruguay', '2019-03-05'),
(234, '998', 'Uzbekistan', '2019-03-05'),
(235, '678', 'Vanuatu', '2019-03-05'),
(236, '379', 'Vatican', '2019-03-05'),
(237, '58', 'Venezuela', '2019-03-05'),
(238, '84', 'Vietnam', '2019-03-05'),
(239, '681', 'Wallis and Futuna', '2019-03-05'),
(240, '212', 'Western Sahara', '2019-03-05'),
(241, '967', 'Yemen', '2019-03-05'),
(242, '260', 'Zambia', '2019-03-05'),
(243, '263', 'Zimbabwe', '2019-03-05');

-- --------------------------------------------------------

--
-- Table structure for table `numbers`
--

DROP TABLE IF EXISTS `numbers`;
CREATE TABLE IF NOT EXISTS `numbers` (
  `num_id` int(11) NOT NULL AUTO_INCREMENT,
  `cnt_id` int(11) DEFAULT NULL,
  `num_number` varchar(45) DEFAULT NULL,
  `num_created` date DEFAULT NULL,
  PRIMARY KEY (`num_id`)
) ENGINE=InnoDB AUTO_INCREMENT=66 DEFAULT CHARSET=latin1;

--
-- Dumping data for table `numbers`
--

INSERT INTO `numbers` (`num_id`, `cnt_id`, `num_number`, `num_created`) VALUES
(1, 20, '89767675656', '2019-03-06'),
(2, 100, '65656555666', '2019-03-06'),
(3, 34, '45454554454', '2019-03-06'),
(4, 55, '434343434343', '2019-03-06'),
(5, 200, '6565655666', '2019-03-06'),
(6, 56, '90909099900', '2019-03-06'),
(7, 56, '454545454545', '2019-03-06'),
(8, 56, '54545454545', '2019-03-06'),
(9, 45, '434334343434', '2019-03-06'),
(10, 45, '34343434343', '2019-03-06'),
(11, 20, '23232323233', '2019-03-06'),
(12, 100, '23223232424', '2019-03-06'),
(13, 80, '90909877766', '2019-03-06'),
(14, 80, '32323232322', '2019-03-06'),
(15, 33, '34343434343', '2019-03-06'),
(16, 33, '23233232323', '2019-03-06'),
(17, 70, '89767675656', '2019-03-06'),
(18, 20, '65656555666', '2019-03-06'),
(19, 201, '45454554454', '2019-03-06'),
(20, 201, '434343434343', '2019-03-06'),
(21, 69, '6565655666', '2019-03-06'),
(22, 90, '90909099900', '2019-03-06'),
(23, 78, '454545454545', '2019-03-06'),
(24, 78, '54545454545', '2019-03-06'),
(25, 78, '434334343434', '2019-03-06'),
(26, 89, '34343434343', '2019-03-06'),
(27, 90, '23232323233', '2019-03-06'),
(28, 90, '23223232424', '2019-03-06'),
(29, 90, '90909877766', '2019-03-06'),
(30, 34, '32323232322', '2019-03-06'),
(31, 78, '34343434343', '2019-03-06'),
(32, 34, '23233232323', '2019-03-06'),
(33, 112, '89767675656', '2019-03-06'),
(34, 112, '65656555666', '2019-03-06'),
(35, 70, '45454554454', '2019-03-06'),
(36, 20, '434343434343', '2019-03-06'),
(37, 56, '6565655666', '2019-03-06'),
(38, 34, '90909099900', '2019-03-06'),
(39, 100, '454545454545', '2019-03-06'),
(40, 167, '54545454545', '2019-03-06'),
(41, 178, '434334343434', '2019-03-06'),
(42, 34, '34343434343', '2019-03-06'),
(43, 20, '23232323233', '2019-03-06'),
(44, 20, '23223232424', '2019-03-06'),
(45, 67, '90909877766', '2019-03-06'),
(46, 100, '32323232322', '2019-03-06'),
(47, 56, '34343434343', '2019-03-06'),
(48, 77, '23233232323', '2019-03-06'),
(49, 56, '89767675656', '2019-03-06'),
(50, 34, '65656555666', '2019-03-06'),
(51, 168, '45454554454', '2019-03-06'),
(52, 189, '434343434343', '2019-03-06'),
(53, 190, '6565655666', '2019-03-06'),
(54, 156, '90909099900', '2019-03-06'),
(55, 100, '454545454545', '2019-03-06'),
(56, 100, '54545454545', '2019-03-06'),
(57, 45, '434334343434', '2019-03-06'),
(58, 23, '34343434343', '2019-03-06'),
(59, 20, '23232323233', '2019-03-06'),
(60, 78, '23223232424', '2019-03-06'),
(61, 87, '90909877766', '2019-03-06'),
(62, 67, '32323232322', '2019-03-06'),
(63, 69, '34343434343', '2019-03-06'),
(64, 69, '23233232323', '2019-03-06'),
(65, 36, '5678905444', '2019-03-06');

-- --------------------------------------------------------

--
-- Table structure for table `send_log`
--

DROP TABLE IF EXISTS `send_log`;
CREATE TABLE IF NOT EXISTS `send_log` (
  `log_id` int(11) NOT NULL AUTO_INCREMENT,
  `usr_id` int(11) DEFAULT NULL,
  `num_id` int(11) DEFAULT NULL,
  `log_message` tinytext,
  `log_success` tinyint(4) DEFAULT NULL,
  `log_created` date DEFAULT NULL,
  PRIMARY KEY (`log_id`)
) ENGINE=InnoDB AUTO_INCREMENT=489 DEFAULT CHARSET=latin1;

--
-- Dumping data for table `send_log`
--

INSERT INTO `send_log` (`log_id`, `usr_id`, `num_id`, `log_message`, `log_success`, `log_created`) VALUES
(1, 4, 6, 'Good news! Your order has been delivered, we hope you like them – and why not team them up with our beautiful summer dresses www.link.com', 1, '2019-01-05'),
(2, 5, 6, 'Hi Bob, we have a great sale on at the moment, 50% off!! Get down to our store or visit us here www.link.com whilst stocks last', 0, '2019-02-05'),
(3, 54, 6, 'Your next shift is on 29/03/2017 from 9.00am to 3.00pm. If you need to change this, please contact your line manager. For a full list of your shifts follow the link www.link.com”', 1, '2019-02-05'),
(4, 33, 68, 'Thank you for chatting to Phil at Big Software, out of 5 (5 being excellent) how would you rate our service today?', 1, '2019-02-05'),
(5, 21, 5, 'Customer: Hi, I have a problem with the t-shirt I bought from you, it has a rip in it, are you able to replace it? Gemma', 1, '2019-02-15'),
(6, 54, 4, 'Hi Gemma, thank you for contacting Clothes4U. Can I ask for the receipt number please? This is the 11-digit number on the email we sent to you or on the receipt you got from the shop.', 1, '2019-02-25'),
(7, 5, 3, 'Thank you for making an enquiry for an appointment at Dental Care Ltd. Please follow the link to make an appointment with us www.link.com', 1, '2019-02-05'),
(8, 6, 2, 'Don’t forget your appointment tomorrow with Recruitment Ltd at 13.30 pm. If you can’t make it, reply to this text or call us on 0123 4567890', 1, '2019-01-05'),
(9, 9, 5, 'Dear Jane, our records show that you still owe us £87.67. This needs paying immediately. Please follow the link to make the payment www.link.com', 1, '2019-02-01'),
(10, 8, 5, 'Joe’s Auto Repair is having a Buy 3 Get 1 Free tyre sale until the end of July. Visit Joe’s Auto Repair today on 21st Street for sizes and prices.', 1, '2019-02-02'),
(11, 54, 2, 'Receive discounts on tasty lunch specials. Text “LUNCH” to 777-343-555 and get a 2% discount on your next order! Your Daily Food.', 1, '2019-02-04'),
(12, 34, 2, 'Keep the kids happy this summer with free entry to the Paintball Centre throughout the whole of August. Call us back to book a date: 555-4545-777.', 1, '2019-02-04'),
(13, 7, 6, 'No more running out of the office at 4pm on Fridays to find a new dress! Lucy’s Closet is now open until 8pm. Find your closest store: lucy.com/stores.', 1, '2019-02-04'),
(14, 4, 7, 'All your favourite books at your reach! Gottingham Bookstore is now mobile. Best deals for 3 days only, hurry up: m.bookstore.com.', 1, '2019-02-04'),
(15, 3, 8, 'Be the first to know about discounts and offers at Bethany Beauty! Click here to subscribe: store.com/coupons-deals.', 1, '2019-02-04'),
(16, 2, 9, 'Hair Salon appointment reminder: haircut tomorrow at 10:30am with Charles. Any questions please call 0161 5555555.', 1, '2019-02-04'),
(17, 7, 4, 'Your dental appointment with Dr P. Delvour is scheduled for October 29, 4:00pm. ABC Dentist, 555-555-555.', 0, '2019-02-04'),
(18, 9, 45, 'Trusted Bank reminds you of your appointment at 23 Newington Way on Monday, 13th of August at 10:00am. Your account manager is Timothy Jackson, phone 0748379393.', 0, '2019-02-04'),
(19, 8, 45, 'Dear Deborah, your Thai massage is today at 5pm. Please come 10 min earlier. Your Thai Massage Salon.', 0, '2019-02-04'),
(20, 23, 45, 'Susan from Private Real Estate will show you the property on Thursday at 2pm. Please reply to this number if you need to change the time.', 1, '2019-02-24'),
(21, 21, 4, 'You are invited to the interview at PY Finance at 10am this Wednesday on 21 Clarkwell Road. Please call back on this number in case of problems. Sally from PY Finance HR.', 0, '2019-02-04'),
(22, 21, 55, 'Mr Johnson, your new Cornwell Banks credit card is waiting for you at 13 High Street.', 0, '2019-02-04'),
(23, 53, 65, 'Your package AX-484-555 is delivered to 21 Layson Street Post Office. Your SLN Logistics.', 1, '2019-02-04'),
(24, 53, 54, 'ABC Electronics: your television has been dispatched. Expected time of arrival: 3–5pm on 4 March. If you are not home at that time, please call 0161 5555555 or reply to this text.', 0, '2019-01-04'),
(25, 52, 6, 'Your money is being processed! Please note it may take up to 2 hours for the funds to appear. BC Building Society.', 1, '2019-01-04'),
(26, 51, 3, 'Unfortunately your session today has been cancelled as your trainer is ill. You can book a new session here: www.myfit.com. Wellington Wellness Center', 1, '2019-01-04'),
(27, 54, 63, 'Boarding for your flight 320-YBO starts 12.11.2018 at 3:30pm. Enjoy your flight, Fair Airlines.', 1, '2019-01-04'),
(28, 53, 62, 'Dear Matt. Your flight 349033 will be delayed for 2 hours. Please contact Lufthansa for further information. We are sorry for any inconvenience.', 1, '2019-01-04'),
(29, 52, 61, 'Booking confirmation: 4445789-YY. Millington Hotel is expecting you on 22.12.2018. Thank you for your order!', 1, '2019-02-04'),
(30, 51, 61, 'Thank you for your purchase. We have received your payment for item #13201. Best Ways Shop.', 1, '2019-02-23'),
(31, 32, 62, 'Your renewal payment is now overdue. Please contact us on XXXXX URGENTLY to discuss your policy.', 1, '2019-01-30'),
(32, 32, 55, 'Notice: you have missed your last monthly payment. Please call this number: xxxx xxxxxx. Real Bank Group.', 1, '2019-03-04'),
(33, 34, 54, 'Your loan is now in default. We want to help you get this paid by offering a 20% discount off the balance. Please call us on xxxxxxxxx. Quick Loans Ltd.', 1, '2019-01-30'),
(34, 45, 56, 'Despite several reminders, your loan balance is still outstanding. Please contact us to repay the loan or arrange a payment plan. Quick Loans.', 1, '2019-01-30'),
(35, 44, 57, 'We have not received payment for invoice 4839, dated 11/03/18. Please contact us on 0939849843 immediately. Quick Loans.', 1, '2019-01-24'),
(36, 44, 56, 'Real Bank: Your current balance is £879.98. For more information visit: realbank.com/login.', 1, '2019-01-25'),
(37, 44, 57, 'Your payment to Ben’s Books has been made on 12/05/18 for the amount of £16.99. Your balance now stands at £271.85.', 1, '2019-01-23'),
(38, 46, 57, 'ClarityCard: We have witnessed unusual activity with your account. Please call back as soon as possible.', 1, '2019-01-26'),
(39, 47, 58, '£1949.00 has been deposited to your bank account by LIO Electric. More information: realbank.com/login', 1, '2019-01-26'),
(40, 47, 59, 'Your account balance is about to exceed the set limit. To change your limits visit our office at 7th Street. Keller’s Center.', 1, '2019-01-26'),
(41, 43, 46, 'Your account is overdrawn, with a current balance of –£138.00. Banking Group.', 1, '2019-01-26'),
(42, 43, 46, 'Your account is in danger of going overdrawn. Your current balance is £0.02. Banking Group.', 0, '2019-01-26'),
(43, 42, 46, 'To win a holiday to your dream destination, text ‘MyHolidaydestination’ to 777-444-5555. Winners announced this Friday at the Tennery Shopping Center.', 1, '2019-01-30'),
(44, 25, 47, 'What is Britain’s favourite holiday destination? Text ‘Destination your answer’ to 555-555-5555 and win a holiday!', 1, '2019-01-30'),
(45, 26, 48, 'Tickets available now for the Charity Event. Buy 2 tickets to get a surprise present! More information: charityevent.com/team-present.', 1, '2019-01-25'),
(46, 26, 48, 'Dear Abigail. Redwood Airlines wishes you Merry Christmas and all the best for the coming year! We have added 100 Air Miles to your loyalty card as a Christmas gift. See you soon!', 1, '2019-01-26'),
(47, 26, 45, 'Happy Birthday! Show this SMS at Jamie’s Cafe and get a 30% discount off your dinner! Yours, Jamie Fallanger.', 1, '2019-01-30'),
(48, 26, 34, 'Your next delivery pick-up is at 3pm on 134-12 Douglas Street.', 1, '2019-01-04'),
(49, 12, 34, 'Can you do a night shift this evening? If you can, please call Terry (HR) on 55 5555 5555', 1, '2019-01-04'),
(50, 14, 34, 'Can you do a night shift this evening? If you can, please call Terry (HR) on 55 5555 5555', 1, '2019-01-04'),
(51, 13, 34, 'What is Britain’s favourite holiday destination? Text ‘Destination your answer’ to 555-555-5555 and win a holiday!', 1, '2019-01-03'),
(52, 13, 34, 'What is Britain’s favourite holiday destination? Text ‘Destination your answer’ to 555-555-5555 and win a holiday!', 1, '2019-01-30'),
(53, 15, 3, 'What is Britain’s favourite holiday destination? Text ‘Destination your answer’ to 555-555-5555 and win a holiday!', 1, '2019-01-08'),
(54, 15, 5, 'What is Britain’s favourite holiday destination? Text ‘Destination your answer’ to 555-555-5555 and win a holiday!', 1, '2019-01-09'),
(55, 16, 35, 'Can you do a night shift this evening? If you can, please call Terry (HR) on 55 5555 5555', 1, '2019-01-10'),
(56, 17, 36, 'Can you do a night shift this evening? If you can, please call Terry (HR) on 55 5555 5555', 1, '2019-01-10'),
(57, 18, 37, 'Can you do a night shift this evening? If you can, please call Terry (HR) on 55 5555 5555', 0, '2019-01-10'),
(58, 19, 35, 'Can you do a night shift this evening? If you can, please call Terry (HR) on 55 5555 5555', 0, '2019-02-23'),
(59, 20, 36, 'Can you do a night shift this evening? If you can, please call Terry (HR) on 55 5555 5555', 0, '2019-02-25'),
(60, 20, 37, 'Can you do a night shift this evening? If you can, please call Terry (HR) on 55 5555 5555', 1, '2019-02-26'),
(61, 20, 31, 'Happy Birthday! Show this SMS at Jamie’s Cafe and get a 30% discount off your dinner! Yours, Jamie Fallanger.', 1, '2019-01-18'),
(62, 53, 32, 'Happy Birthday! Show this SMS at Jamie’s Cafe and get a 30% discount off your dinner! Yours, Jamie Fallanger.', 1, '2019-01-27'),
(63, 3, 37, 'Happy Birthday! Show this SMS at Jamie’s Cafe and get a 30% discount off your dinner! Yours, Jamie Fallanger.', 1, '2019-01-03'),
(64, 5, 47, 'Happy Birthday! Show this SMS at Jamie’s Cafe and get a 30% discount off your dinner! Yours, Jamie Fallanger.', 1, '2019-01-30'),
(65, 6, 45, 'Happy Birthday! Show this SMS at Jamie’s Cafe and get a 30% discount off your dinner! Yours, Jamie Fallanger.', 1, '2019-03-08'),
(66, 6, 46, 'Happy Birthday! Show this SMS at Jamie’s Cafe and get a 30% discount off your dinner! Yours, Jamie Fallanger.', 1, '2019-03-08'),
(67, 6, 2, 'Happy Birthday! Show this SMS at Jamie’s Cafe and get a 30% discount off your dinner! Yours, Jamie Fallanger.', 1, '2019-03-04'),
(68, 7, 3, 'Happy Birthday! Show this SMS at Jamie’s Cafe and get a 30% discount off your dinner! Yours, Jamie Fallanger.', 1, '2019-03-04'),
(69, 35, 4, 'Happy Birthday! Show this SMS at Jamie’s Cafe and get a 30% discount off your dinner! Yours, Jamie Fallanger.', 1, '2019-03-07'),
(70, 38, 5, 'Happy Birthday! Show this SMS at Jamie’s Cafe and get a 30% discount off your dinner! Yours, Jamie Fallanger.', 0, '2019-03-07'),
(71, 39, 6, 'Happy Birthday! Show this SMS at Jamie’s Cafe and get a 30% discount off your dinner! Yours, Jamie Fallanger.', 1, '2019-03-07'),
(72, 46, 7, 'Happy Birthday! Show this SMS at Jamie’s Cafe and get a 30% discount off your dinner! Yours, Jamie Fallanger.', 1, '2019-03-04'),
(73, 48, 8, 'Happy Birthday! Show this SMS at Jamie’s Cafe and get a 30% discount off your dinner! Yours, Jamie Fallanger.', 1, '2019-03-04'),
(74, 49, 9, 'Happy Birthday! Show this SMS at Jamie’s Cafe and get a 30% discount off your dinner! Yours, Jamie Fallanger.', 1, '2019-03-04'),
(75, 50, 10, 'Happy Birthday! Show this SMS at Jamie’s Cafe and get a 30% discount off your dinner! Yours, Jamie Fallanger.', 1, '2019-03-04'),
(76, 50, 11, 'Happy Birthday! Show this SMS at Jamie’s Cafe and get a 30% discount off your dinner! Yours, Jamie Fallanger.', 1, '2019-03-04'),
(77, 50, 12, 'Happy Birthday! Show this SMS at Jamie’s Cafe and get a 30% discount off your dinner! Yours, Jamie Fallanger.', 1, '2019-03-04'),
(78, 50, 13, 'Happy Birthday! Show this SMS at Jamie’s Cafe and get a 30% discount off your dinner! Yours, Jamie Fallanger.', 1, '2019-03-04'),
(79, 40, 12, 'Happy Birthday! Show this SMS at Jamie’s Cafe and get a 30% discount off your dinner! Yours, Jamie Fallanger.', 1, '2019-03-04'),
(80, 45, 14, 'Happy Birthday! Show this SMS at Jamie’s Cafe and get a 30% discount off your dinner! Yours, Jamie Fallanger.', 1, '2019-03-04'),
(81, 46, 14, 'Can you do a night shift this evening? If you can, please call Terry (HR) on 55 5555 5555', 1, '2019-03-04'),
(82, 47, 15, 'Can you do a night shift this evening? If you can, please call Terry (HR) on 55 5555 5555', 1, '2019-03-04'),
(83, 48, 15, 'Can you do a night shift this evening? If you can, please call Terry (HR) on 55 5555 5555', 1, '2019-03-04'),
(84, 6, 16, 'Happy Birthday! Show this SMS at Jamie’s Cafe and get a 30% discount off your dinner! Yours, Jamie Fallanger.', 0, '2019-03-04'),
(85, 4, 16, 'Happy Birthday! Show this SMS at Jamie’s Cafe and get a 30% discount off your dinner! Yours, Jamie Fallanger.', 1, '2019-03-04'),
(86, 6, 17, 'Happy Birthday! Show this SMS at Jamie’s Cafe and get a 30% discount off your dinner! Yours, Jamie Fallanger.', 1, '2019-01-04'),
(87, 7, 16, 'Happy Birthday! Show this SMS at Jamie’s Cafe and get a 30% discount off your dinner! Yours, Jamie Fallanger.', 1, '2019-01-04'),
(88, 8, 17, 'Happy Birthday! Show this SMS at Jamie’s Cafe and get a 30% discount off your dinner! Yours, Jamie Fallanger.', 1, '2019-01-04'),
(89, 34, 17, 'Happy Birthday! Show this SMS at Jamie’s Cafe and get a 30% discount off your dinner! Yours, Jamie Fallanger.', 1, '2019-01-04'),
(90, 34, 17, 'Happy Birthday! Show this SMS at Jamie’s Cafe and get a 30% discount off your dinner! Yours, Jamie Fallanger.', 1, '2019-01-04'),
(91, 4, 8, 'Happy Birthday! Show this SMS at Jamie’s Cafe and get a 30% discount off your dinner! Yours, Jamie Fallanger.', 0, '2019-01-04'),
(92, 3, 9, 'Happy Birthday! Show this SMS at Jamie’s Cafe and get a 30% discount off your dinner! Yours, Jamie Fallanger.', 0, '2019-01-04'),
(93, 3, 9, 'Happy Birthday! Show this SMS at Jamie’s Cafe and get a 30% discount off your dinner! Yours, Jamie Fallanger.', 0, '2019-01-24'),
(94, 3, 9, 'Happy Birthday! Show this SMS at Jamie’s Cafe and get a 30% discount off your dinner! Yours, Jamie Fallanger.', 0, '2019-01-24'),
(95, 6, 16, 'Happy Birthday! Show this SMS at Jamie’s Cafe and get a 30% discount off your dinner! Yours, Jamie Fallanger.', 1, '2019-03-04'),
(96, 4, 16, 'Happy Birthday! Show this SMS at Jamie’s Cafe and get a 30% discount off your dinner! Yours, Jamie Fallanger.', 1, '2019-03-05'),
(97, 6, 17, 'Happy Birthday! Show this SMS at Jamie’s Cafe and get a 30% discount off your dinner! Yours, Jamie Fallanger.', 1, '2019-02-04'),
(98, 7, 16, 'Happy Birthday! Show this SMS at Jamie’s Cafe and get a 30% discount off your dinner! Yours, Jamie Fallanger.', 0, '2019-02-14'),
(99, 8, 17, 'Happy Birthday! Show this SMS at Jamie’s Cafe and get a 30% discount off your dinner! Yours, Jamie Fallanger.', 1, '2019-01-04'),
(100, 34, 17, 'Happy Birthday! Show this SMS at Jamie’s Cafe and get a 30% discount off your dinner! Yours, Jamie Fallanger.', 1, '2019-01-04'),
(101, 34, 17, 'Happy Birthday! Show this SMS at Jamie’s Cafe and get a 30% discount off your dinner! Yours, Jamie Fallanger.', 1, '2019-01-24'),
(102, 4, 8, 'Happy Birthday! Show this SMS at Jamie’s Cafe and get a 30% discount off your dinner! Yours, Jamie Fallanger.', 0, '2019-02-14'),
(103, 3, 9, 'Happy Birthday! Show this SMS at Jamie’s Cafe and get a 30% discount off your dinner! Yours, Jamie Fallanger.', 0, '2019-01-24'),
(104, 6, 16, 'Happy Birthday! Show this SMS at Jamie’s Cafe and get a 30% discount off your dinner! Yours, Jamie Fallanger.', 1, '2019-03-04'),
(105, 4, 16, 'Happy Birthday! Show this SMS at Jamie’s Cafe and get a 30% discount off your dinner! Yours, Jamie Fallanger.', 1, '2019-03-05'),
(106, 6, 17, 'Happy Birthday! Show this SMS at Jamie’s Cafe and get a 30% discount off your dinner! Yours, Jamie Fallanger.', 1, '2019-02-04'),
(107, 7, 16, 'Happy Birthday! Show this SMS at Jamie’s Cafe and get a 30% discount off your dinner! Yours, Jamie Fallanger.', 0, '2019-02-14'),
(108, 8, 17, 'Happy Birthday! Show this SMS at Jamie’s Cafe and get a 30% discount off your dinner! Yours, Jamie Fallanger.', 1, '2019-01-04'),
(109, 34, 17, 'Happy Birthday! Show this SMS at Jamie’s Cafe and get a 30% discount off your dinner! Yours, Jamie Fallanger.', 1, '2019-01-04'),
(110, 34, 17, 'Happy Birthday! Show this SMS at Jamie’s Cafe and get a 30% discount off your dinner! Yours, Jamie Fallanger.', 1, '2019-01-24'),
(111, 4, 8, 'Happy Birthday! Show this SMS at Jamie’s Cafe and get a 30% discount off your dinner! Yours, Jamie Fallanger.', 1, '2019-02-14'),
(112, 3, 9, 'Happy Birthday! Show this SMS at Jamie’s Cafe and get a 30% discount off your dinner! Yours, Jamie Fallanger.', 0, '2019-01-24'),
(113, 34, 17, 'Happy Birthday! Show this SMS at Jamie’s Cafe and get a 30% discount off your dinner! Yours, Jamie Fallanger.', 1, '2019-01-04'),
(114, 34, 17, 'Happy Birthday! Show this SMS at Jamie’s Cafe and get a 30% discount off your dinner! Yours, Jamie Fallanger.', 1, '2019-01-24'),
(115, 4, 8, 'Happy Birthday! Show this SMS at Jamie’s Cafe and get a 30% discount off your dinner! Yours, Jamie Fallanger.', 1, '2019-02-14'),
(116, 34, 17, 'Happy Birthday! Show this SMS at Jamie’s Cafe and get a 30% discount off your dinner! Yours, Jamie Fallanger.', 1, '2019-01-04'),
(117, 34, 17, 'Happy Birthday! Show this SMS at Jamie’s Cafe and get a 30% discount off your dinner! Yours, Jamie Fallanger.', 1, '2019-01-24'),
(118, 4, 8, 'Happy Birthday! Show this SMS at Jamie’s Cafe and get a 30% discount off your dinner! Yours, Jamie Fallanger.', 1, '2019-02-14'),
(119, 34, 17, 'Happy Birthday! Show this SMS at Jamie’s Cafe and get a 30% discount off your dinner! Yours, Jamie Fallanger.', 1, '2019-01-04'),
(120, 34, 17, 'Happy Birthday! Show this SMS at Jamie’s Cafe and get a 30% discount off your dinner! Yours, Jamie Fallanger.', 1, '2019-01-24'),
(121, 4, 8, 'Happy Birthday! Show this SMS at Jamie’s Cafe and get a 30% discount off your dinner! Yours, Jamie Fallanger.', 1, '2019-02-14'),
(122, 34, 17, 'Happy Birthday! Show this SMS at Jamie’s Cafe and get a 30% discount off your dinner! Yours, Jamie Fallanger.', 1, '2019-01-04'),
(123, 34, 17, 'Happy Birthday! Show this SMS at Jamie’s Cafe and get a 30% discount off your dinner! Yours, Jamie Fallanger.', 1, '2019-01-24'),
(124, 4, 8, 'Happy Birthday! Show this SMS at Jamie’s Cafe and get a 30% discount off your dinner! Yours, Jamie Fallanger.', 1, '2019-02-14'),
(125, 34, 17, 'Happy Birthday! Show this SMS at Jamie’s Cafe and get a 30% discount off your dinner! Yours, Jamie Fallanger.', 1, '2019-01-04'),
(126, 34, 17, 'Happy Birthday! Show this SMS at Jamie’s Cafe and get a 30% discount off your dinner! Yours, Jamie Fallanger.', 1, '2019-01-24'),
(127, 4, 8, 'Happy Birthday! Show this SMS at Jamie’s Cafe and get a 30% discount off your dinner! Yours, Jamie Fallanger.', 1, '2019-02-14'),
(128, 34, 17, 'Happy Birthday! Show this SMS at Jamie’s Cafe and get a 30% discount off your dinner! Yours, Jamie Fallanger.', 1, '2019-01-04'),
(129, 34, 17, 'Happy Birthday! Show this SMS at Jamie’s Cafe and get a 30% discount off your dinner! Yours, Jamie Fallanger.', 1, '2019-01-24'),
(130, 4, 8, 'Happy Birthday! Show this SMS at Jamie’s Cafe and get a 30% discount off your dinner! Yours, Jamie Fallanger.', 1, '2019-02-14'),
(131, 34, 17, 'Happy Birthday! Show this SMS at Jamie’s Cafe and get a 30% discount off your dinner! Yours, Jamie Fallanger.', 1, '2019-01-04'),
(132, 34, 17, 'Happy Birthday! Show this SMS at Jamie’s Cafe and get a 30% discount off your dinner! Yours, Jamie Fallanger.', 1, '2019-01-24'),
(133, 4, 8, 'Happy Birthday! Show this SMS at Jamie’s Cafe and get a 30% discount off your dinner! Yours, Jamie Fallanger.', 1, '2019-02-14'),
(134, 34, 17, 'Happy Birthday! Show this SMS at Jamie’s Cafe and get a 30% discount off your dinner! Yours, Jamie Fallanger.', 1, '2019-01-04'),
(135, 34, 17, 'Happy Birthday! Show this SMS at Jamie’s Cafe and get a 30% discount off your dinner! Yours, Jamie Fallanger.', 1, '2019-01-24'),
(136, 4, 8, 'Happy Birthday! Show this SMS at Jamie’s Cafe and get a 30% discount off your dinner! Yours, Jamie Fallanger.', 1, '2019-02-14'),
(137, 34, 17, 'Happy Birthday! Show this SMS at Jamie’s Cafe and get a 30% discount off your dinner! Yours, Jamie Fallanger.', 1, '2019-01-04'),
(138, 34, 17, 'Happy Birthday! Show this SMS at Jamie’s Cafe and get a 30% discount off your dinner! Yours, Jamie Fallanger.', 1, '2019-01-24'),
(139, 4, 8, 'Happy Birthday! Show this SMS at Jamie’s Cafe and get a 30% discount off your dinner! Yours, Jamie Fallanger.', 1, '2019-02-14'),
(140, 34, 17, 'Happy Birthday! Show this SMS at Jamie’s Cafe and get a 30% discount off your dinner! Yours, Jamie Fallanger.', 1, '2019-01-04'),
(141, 34, 17, 'Happy Birthday! Show this SMS at Jamie’s Cafe and get a 30% discount off your dinner! Yours, Jamie Fallanger.', 1, '2019-01-24'),
(142, 4, 8, 'Happy Birthday! Show this SMS at Jamie’s Cafe and get a 30% discount off your dinner! Yours, Jamie Fallanger.', 1, '2019-02-14'),
(143, 34, 17, 'Happy Birthday! Show this SMS at Jamie’s Cafe and get a 30% discount off your dinner! Yours, Jamie Fallanger.', 1, '2019-01-04'),
(144, 34, 17, 'Happy Birthday! Show this SMS at Jamie’s Cafe and get a 30% discount off your dinner! Yours, Jamie Fallanger.', 1, '2019-01-24'),
(145, 4, 8, 'Happy Birthday! Show this SMS at Jamie’s Cafe and get a 30% discount off your dinner! Yours, Jamie Fallanger.', 1, '2019-02-14'),
(146, 34, 17, 'Happy Birthday! Show this SMS at Jamie’s Cafe and get a 30% discount off your dinner! Yours, Jamie Fallanger.', 1, '2019-01-04'),
(147, 34, 17, 'Happy Birthday! Show this SMS at Jamie’s Cafe and get a 30% discount off your dinner! Yours, Jamie Fallanger.', 1, '2019-01-24'),
(148, 4, 8, 'Happy Birthday! Show this SMS at Jamie’s Cafe and get a 30% discount off your dinner! Yours, Jamie Fallanger.', 1, '2019-02-14'),
(149, 34, 17, 'Happy Birthday! Show this SMS at Jamie’s Cafe and get a 30% discount off your dinner! Yours, Jamie Fallanger.', 1, '2019-01-04'),
(150, 34, 17, 'Happy Birthday! Show this SMS at Jamie’s Cafe and get a 30% discount off your dinner! Yours, Jamie Fallanger.', 1, '2019-01-24'),
(151, 4, 8, 'Happy Birthday! Show this SMS at Jamie’s Cafe and get a 30% discount off your dinner! Yours, Jamie Fallanger.', 1, '2019-02-14'),
(152, 34, 17, 'Happy Birthday! Show this SMS at Jamie’s Cafe and get a 30% discount off your dinner! Yours, Jamie Fallanger.', 1, '2019-01-04'),
(153, 34, 17, 'Happy Birthday! Show this SMS at Jamie’s Cafe and get a 30% discount off your dinner! Yours, Jamie Fallanger.', 1, '2019-01-24'),
(154, 4, 8, 'Happy Birthday! Show this SMS at Jamie’s Cafe and get a 30% discount off your dinner! Yours, Jamie Fallanger.', 1, '2019-02-14'),
(155, 34, 17, 'Happy Birthday! Show this SMS at Jamie’s Cafe and get a 30% discount off your dinner! Yours, Jamie Fallanger.', 1, '2019-01-04'),
(156, 34, 17, 'Happy Birthday! Show this SMS at Jamie’s Cafe and get a 30% discount off your dinner! Yours, Jamie Fallanger.', 1, '2019-01-24'),
(157, 4, 8, 'Happy Birthday! Show this SMS at Jamie’s Cafe and get a 30% discount off your dinner! Yours, Jamie Fallanger.', 1, '2019-02-14'),
(158, 34, 17, 'Happy Birthday! Show this SMS at Jamie’s Cafe and get a 30% discount off your dinner! Yours, Jamie Fallanger.', 1, '2019-01-04'),
(159, 34, 17, 'Happy Birthday! Show this SMS at Jamie’s Cafe and get a 30% discount off your dinner! Yours, Jamie Fallanger.', 1, '2019-01-24'),
(160, 4, 8, 'Happy Birthday! Show this SMS at Jamie’s Cafe and get a 30% discount off your dinner! Yours, Jamie Fallanger.', 1, '2019-02-14'),
(161, 34, 17, 'Happy Birthday! Show this SMS at Jamie’s Cafe and get a 30% discount off your dinner! Yours, Jamie Fallanger.', 1, '2019-01-04'),
(162, 34, 17, 'Happy Birthday! Show this SMS at Jamie’s Cafe and get a 30% discount off your dinner! Yours, Jamie Fallanger.', 1, '2019-01-24'),
(163, 4, 8, 'Happy Birthday! Show this SMS at Jamie’s Cafe and get a 30% discount off your dinner! Yours, Jamie Fallanger.', 1, '2019-02-14'),
(164, 34, 17, 'Happy Birthday! Show this SMS at Jamie’s Cafe and get a 30% discount off your dinner! Yours, Jamie Fallanger.', 1, '2019-01-04'),
(165, 34, 17, 'Happy Birthday! Show this SMS at Jamie’s Cafe and get a 30% discount off your dinner! Yours, Jamie Fallanger.', 1, '2019-01-24'),
(166, 4, 8, 'Happy Birthday! Show this SMS at Jamie’s Cafe and get a 30% discount off your dinner! Yours, Jamie Fallanger.', 1, '2019-02-14'),
(167, 34, 17, 'Happy Birthday! Show this SMS at Jamie’s Cafe and get a 30% discount off your dinner! Yours, Jamie Fallanger.', 1, '2019-01-04'),
(168, 34, 17, 'Happy Birthday! Show this SMS at Jamie’s Cafe and get a 30% discount off your dinner! Yours, Jamie Fallanger.', 1, '2019-01-24'),
(169, 4, 8, 'Happy Birthday! Show this SMS at Jamie’s Cafe and get a 30% discount off your dinner! Yours, Jamie Fallanger.', 1, '2019-02-14'),
(170, 34, 17, 'Happy Birthday! Show this SMS at Jamie’s Cafe and get a 30% discount off your dinner! Yours, Jamie Fallanger.', 1, '2019-01-04'),
(171, 34, 17, 'Happy Birthday! Show this SMS at Jamie’s Cafe and get a 30% discount off your dinner! Yours, Jamie Fallanger.', 1, '2019-01-24'),
(172, 4, 8, 'Happy Birthday! Show this SMS at Jamie’s Cafe and get a 30% discount off your dinner! Yours, Jamie Fallanger.', 1, '2019-02-14'),
(173, 34, 17, 'Happy Birthday! Show this SMS at Jamie’s Cafe and get a 30% discount off your dinner! Yours, Jamie Fallanger.', 1, '2019-01-04'),
(174, 34, 17, 'Happy Birthday! Show this SMS at Jamie’s Cafe and get a 30% discount off your dinner! Yours, Jamie Fallanger.', 1, '2019-01-24'),
(175, 4, 8, 'Happy Birthday! Show this SMS at Jamie’s Cafe and get a 30% discount off your dinner! Yours, Jamie Fallanger.', 1, '2019-02-14'),
(176, 34, 17, 'Happy Birthday! Show this SMS at Jamie’s Cafe and get a 30% discount off your dinner! Yours, Jamie Fallanger.', 1, '2019-01-04'),
(177, 34, 17, 'Happy Birthday! Show this SMS at Jamie’s Cafe and get a 30% discount off your dinner! Yours, Jamie Fallanger.', 1, '2019-01-24'),
(178, 4, 8, 'Happy Birthday! Show this SMS at Jamie’s Cafe and get a 30% discount off your dinner! Yours, Jamie Fallanger.', 1, '2019-02-14'),
(179, 34, 17, 'Happy Birthday! Show this SMS at Jamie’s Cafe and get a 30% discount off your dinner! Yours, Jamie Fallanger.', 1, '2019-01-04'),
(180, 34, 17, 'Happy Birthday! Show this SMS at Jamie’s Cafe and get a 30% discount off your dinner! Yours, Jamie Fallanger.', 1, '2019-01-24'),
(181, 4, 8, 'Happy Birthday! Show this SMS at Jamie’s Cafe and get a 30% discount off your dinner! Yours, Jamie Fallanger.', 1, '2019-02-14'),
(182, 34, 17, 'Happy Birthday! Show this SMS at Jamie’s Cafe and get a 30% discount off your dinner! Yours, Jamie Fallanger.', 1, '2019-01-04'),
(183, 34, 17, 'Happy Birthday! Show this SMS at Jamie’s Cafe and get a 30% discount off your dinner! Yours, Jamie Fallanger.', 1, '2019-01-24'),
(184, 4, 8, 'Happy Birthday! Show this SMS at Jamie’s Cafe and get a 30% discount off your dinner! Yours, Jamie Fallanger.', 1, '2019-02-14'),
(185, 34, 17, 'Happy Birthday! Show this SMS at Jamie’s Cafe and get a 30% discount off your dinner! Yours, Jamie Fallanger.', 1, '2019-01-04'),
(186, 34, 17, 'Happy Birthday! Show this SMS at Jamie’s Cafe and get a 30% discount off your dinner! Yours, Jamie Fallanger.', 1, '2019-01-24'),
(187, 4, 8, 'Happy Birthday! Show this SMS at Jamie’s Cafe and get a 30% discount off your dinner! Yours, Jamie Fallanger.', 1, '2019-02-14'),
(188, 34, 17, 'Happy Birthday! Show this SMS at Jamie’s Cafe and get a 30% discount off your dinner! Yours, Jamie Fallanger.', 1, '2019-01-04'),
(189, 34, 17, 'Happy Birthday! Show this SMS at Jamie’s Cafe and get a 30% discount off your dinner! Yours, Jamie Fallanger.', 1, '2019-01-24'),
(190, 4, 8, 'Happy Birthday! Show this SMS at Jamie’s Cafe and get a 30% discount off your dinner! Yours, Jamie Fallanger.', 1, '2019-02-14'),
(191, 34, 17, 'Happy Birthday! Show this SMS at Jamie’s Cafe and get a 30% discount off your dinner! Yours, Jamie Fallanger.', 1, '2019-01-04'),
(192, 34, 17, 'Happy Birthday! Show this SMS at Jamie’s Cafe and get a 30% discount off your dinner! Yours, Jamie Fallanger.', 1, '2019-01-24'),
(193, 4, 8, 'Happy Birthday! Show this SMS at Jamie’s Cafe and get a 30% discount off your dinner! Yours, Jamie Fallanger.', 1, '2019-02-14'),
(194, 34, 17, 'Happy Birthday! Show this SMS at Jamie’s Cafe and get a 30% discount off your dinner! Yours, Jamie Fallanger.', 1, '2019-01-04'),
(195, 34, 17, 'Happy Birthday! Show this SMS at Jamie’s Cafe and get a 30% discount off your dinner! Yours, Jamie Fallanger.', 1, '2019-01-24'),
(196, 4, 8, 'Happy Birthday! Show this SMS at Jamie’s Cafe and get a 30% discount off your dinner! Yours, Jamie Fallanger.', 1, '2019-02-14'),
(197, 34, 17, 'Happy Birthday! Show this SMS at Jamie’s Cafe and get a 30% discount off your dinner! Yours, Jamie Fallanger.', 1, '2019-01-04'),
(198, 34, 17, 'Happy Birthday! Show this SMS at Jamie’s Cafe and get a 30% discount off your dinner! Yours, Jamie Fallanger.', 1, '2019-01-24'),
(199, 4, 8, 'Happy Birthday! Show this SMS at Jamie’s Cafe and get a 30% discount off your dinner! Yours, Jamie Fallanger.', 1, '2019-02-14'),
(200, 34, 17, 'Happy Birthday! Show this SMS at Jamie’s Cafe and get a 30% discount off your dinner! Yours, Jamie Fallanger.', 1, '2019-01-04'),
(201, 34, 17, 'Happy Birthday! Show this SMS at Jamie’s Cafe and get a 30% discount off your dinner! Yours, Jamie Fallanger.', 1, '2019-01-24'),
(202, 4, 8, 'Happy Birthday! Show this SMS at Jamie’s Cafe and get a 30% discount off your dinner! Yours, Jamie Fallanger.', 1, '2019-02-14'),
(203, 34, 17, 'Happy Birthday! Show this SMS at Jamie’s Cafe and get a 30% discount off your dinner! Yours, Jamie Fallanger.', 1, '2019-01-04'),
(204, 34, 17, 'Happy Birthday! Show this SMS at Jamie’s Cafe and get a 30% discount off your dinner! Yours, Jamie Fallanger.', 1, '2019-01-24'),
(205, 4, 8, 'Happy Birthday! Show this SMS at Jamie’s Cafe and get a 30% discount off your dinner! Yours, Jamie Fallanger.', 1, '2019-02-14'),
(206, 3, 9, 'Happy Birthday! Show this SMS at Jamie’s Cafe and get a 30% discount off your dinner! Yours, Jamie Fallanger.', 1, '2019-03-24'),
(207, 34, 17, 'Happy Birthday! Show this SMS at Jamie’s Cafe and get a 30% discount off your dinner! Yours, Jamie Fallanger.', 1, '2019-01-04'),
(208, 34, 17, 'Happy Birthday! Show this SMS at Jamie’s Cafe and get a 30% discount off your dinner! Yours, Jamie Fallanger.', 1, '2019-01-24'),
(209, 4, 8, 'Happy Birthday! Show this SMS at Jamie’s Cafe and get a 30% discount off your dinner! Yours, Jamie Fallanger.', 1, '2019-02-14'),
(210, 34, 17, 'Happy Birthday! Show this SMS at Jamie’s Cafe and get a 30% discount off your dinner! Yours, Jamie Fallanger.', 1, '2019-01-04'),
(211, 34, 17, 'Happy Birthday! Show this SMS at Jamie’s Cafe and get a 30% discount off your dinner! Yours, Jamie Fallanger.', 1, '2019-01-24'),
(212, 4, 8, 'Happy Birthday! Show this SMS at Jamie’s Cafe and get a 30% discount off your dinner! Yours, Jamie Fallanger.', 1, '2019-02-14'),
(213, 34, 17, 'Happy Birthday! Show this SMS at Jamie’s Cafe and get a 30% discount off your dinner! Yours, Jamie Fallanger.', 1, '2019-01-04'),
(214, 34, 17, 'Happy Birthday! Show this SMS at Jamie’s Cafe and get a 30% discount off your dinner! Yours, Jamie Fallanger.', 1, '2019-01-24'),
(215, 4, 8, 'Happy Birthday! Show this SMS at Jamie’s Cafe and get a 30% discount off your dinner! Yours, Jamie Fallanger.', 1, '2019-02-14'),
(216, 34, 17, 'Happy Birthday! Show this SMS at Jamie’s Cafe and get a 30% discount off your dinner! Yours, Jamie Fallanger.', 1, '2019-01-04'),
(217, 34, 17, 'Happy Birthday! Show this SMS at Jamie’s Cafe and get a 30% discount off your dinner! Yours, Jamie Fallanger.', 1, '2019-01-24'),
(218, 4, 8, 'Happy Birthday! Show this SMS at Jamie’s Cafe and get a 30% discount off your dinner! Yours, Jamie Fallanger.', 1, '2019-02-14'),
(219, 34, 17, 'Happy Birthday! Show this SMS at Jamie’s Cafe and get a 30% discount off your dinner! Yours, Jamie Fallanger.', 1, '2019-01-04'),
(220, 34, 17, 'Happy Birthday! Show this SMS at Jamie’s Cafe and get a 30% discount off your dinner! Yours, Jamie Fallanger.', 1, '2019-01-24'),
(221, 4, 8, 'Happy Birthday! Show this SMS at Jamie’s Cafe and get a 30% discount off your dinner! Yours, Jamie Fallanger.', 1, '2019-02-14'),
(222, 34, 17, 'Happy Birthday! Show this SMS at Jamie’s Cafe and get a 30% discount off your dinner! Yours, Jamie Fallanger.', 1, '2019-01-04'),
(223, 34, 17, 'Happy Birthday! Show this SMS at Jamie’s Cafe and get a 30% discount off your dinner! Yours, Jamie Fallanger.', 1, '2019-01-24'),
(224, 4, 8, 'Happy Birthday! Show this SMS at Jamie’s Cafe and get a 30% discount off your dinner! Yours, Jamie Fallanger.', 1, '2019-02-14'),
(225, 34, 17, 'Happy Birthday! Show this SMS at Jamie’s Cafe and get a 30% discount off your dinner! Yours, Jamie Fallanger.', 1, '2019-01-04'),
(226, 34, 17, 'Happy Birthday! Show this SMS at Jamie’s Cafe and get a 30% discount off your dinner! Yours, Jamie Fallanger.', 1, '2019-01-24'),
(227, 4, 8, 'Happy Birthday! Show this SMS at Jamie’s Cafe and get a 30% discount off your dinner! Yours, Jamie Fallanger.', 1, '2019-02-14'),
(228, 34, 17, 'Happy Birthday! Show this SMS at Jamie’s Cafe and get a 30% discount off your dinner! Yours, Jamie Fallanger.', 1, '2019-01-04'),
(229, 34, 17, 'Happy Birthday! Show this SMS at Jamie’s Cafe and get a 30% discount off your dinner! Yours, Jamie Fallanger.', 1, '2019-01-24'),
(230, 4, 8, 'Happy Birthday! Show this SMS at Jamie’s Cafe and get a 30% discount off your dinner! Yours, Jamie Fallanger.', 1, '2019-02-14'),
(231, 34, 17, 'Happy Birthday! Show this SMS at Jamie’s Cafe and get a 30% discount off your dinner! Yours, Jamie Fallanger.', 1, '2019-01-04'),
(232, 34, 17, 'Happy Birthday! Show this SMS at Jamie’s Cafe and get a 30% discount off your dinner! Yours, Jamie Fallanger.', 1, '2019-01-24'),
(233, 4, 8, 'Happy Birthday! Show this SMS at Jamie’s Cafe and get a 30% discount off your dinner! Yours, Jamie Fallanger.', 1, '2019-02-14'),
(234, 34, 17, 'Happy Birthday! Show this SMS at Jamie’s Cafe and get a 30% discount off your dinner! Yours, Jamie Fallanger.', 1, '2019-01-04'),
(235, 34, 17, 'Happy Birthday! Show this SMS at Jamie’s Cafe and get a 30% discount off your dinner! Yours, Jamie Fallanger.', 1, '2019-01-24'),
(236, 4, 8, 'Happy Birthday! Show this SMS at Jamie’s Cafe and get a 30% discount off your dinner! Yours, Jamie Fallanger.', 1, '2019-02-14'),
(237, 34, 17, 'Happy Birthday! Show this SMS at Jamie’s Cafe and get a 30% discount off your dinner! Yours, Jamie Fallanger.', 1, '2019-01-04'),
(238, 34, 17, 'Happy Birthday! Show this SMS at Jamie’s Cafe and get a 30% discount off your dinner! Yours, Jamie Fallanger.', 1, '2019-01-24'),
(239, 4, 8, 'Happy Birthday! Show this SMS at Jamie’s Cafe and get a 30% discount off your dinner! Yours, Jamie Fallanger.', 1, '2019-02-14'),
(240, 34, 17, 'Happy Birthday! Show this SMS at Jamie’s Cafe and get a 30% discount off your dinner! Yours, Jamie Fallanger.', 1, '2019-01-04'),
(241, 34, 17, 'Happy Birthday! Show this SMS at Jamie’s Cafe and get a 30% discount off your dinner! Yours, Jamie Fallanger.', 1, '2019-01-24'),
(242, 4, 8, 'Happy Birthday! Show this SMS at Jamie’s Cafe and get a 30% discount off your dinner! Yours, Jamie Fallanger.', 1, '2019-02-14'),
(243, 34, 17, 'Happy Birthday! Show this SMS at Jamie’s Cafe and get a 30% discount off your dinner! Yours, Jamie Fallanger.', 1, '2019-01-04'),
(244, 34, 17, 'Happy Birthday! Show this SMS at Jamie’s Cafe and get a 30% discount off your dinner! Yours, Jamie Fallanger.', 1, '2019-01-24'),
(245, 4, 8, 'Happy Birthday! Show this SMS at Jamie’s Cafe and get a 30% discount off your dinner! Yours, Jamie Fallanger.', 1, '2019-02-14'),
(246, 34, 17, 'Happy Birthday! Show this SMS at Jamie’s Cafe and get a 30% discount off your dinner! Yours, Jamie Fallanger.', 1, '2019-01-04'),
(247, 34, 17, 'Happy Birthday! Show this SMS at Jamie’s Cafe and get a 30% discount off your dinner! Yours, Jamie Fallanger.', 1, '2019-01-24'),
(248, 4, 8, 'Happy Birthday! Show this SMS at Jamie’s Cafe and get a 30% discount off your dinner! Yours, Jamie Fallanger.', 1, '2019-02-14'),
(249, 34, 17, 'Happy Birthday! Show this SMS at Jamie’s Cafe and get a 30% discount off your dinner! Yours, Jamie Fallanger.', 1, '2019-01-04'),
(250, 34, 17, 'Happy Birthday! Show this SMS at Jamie’s Cafe and get a 30% discount off your dinner! Yours, Jamie Fallanger.', 1, '2019-01-24'),
(251, 4, 8, 'Happy Birthday! Show this SMS at Jamie’s Cafe and get a 30% discount off your dinner! Yours, Jamie Fallanger.', 1, '2019-02-14'),
(252, 34, 17, 'Happy Birthday! Show this SMS at Jamie’s Cafe and get a 30% discount off your dinner! Yours, Jamie Fallanger.', 1, '2019-01-04'),
(253, 34, 17, 'Happy Birthday! Show this SMS at Jamie’s Cafe and get a 30% discount off your dinner! Yours, Jamie Fallanger.', 1, '2019-01-24'),
(254, 4, 8, 'Happy Birthday! Show this SMS at Jamie’s Cafe and get a 30% discount off your dinner! Yours, Jamie Fallanger.', 1, '2019-02-14'),
(255, 34, 17, 'Happy Birthday! Show this SMS at Jamie’s Cafe and get a 30% discount off your dinner! Yours, Jamie Fallanger.', 1, '2019-01-04'),
(256, 34, 17, 'Happy Birthday! Show this SMS at Jamie’s Cafe and get a 30% discount off your dinner! Yours, Jamie Fallanger.', 1, '2019-01-24'),
(257, 4, 8, 'Happy Birthday! Show this SMS at Jamie’s Cafe and get a 30% discount off your dinner! Yours, Jamie Fallanger.', 1, '2019-02-14'),
(258, 34, 17, 'Happy Birthday! Show this SMS at Jamie’s Cafe and get a 30% discount off your dinner! Yours, Jamie Fallanger.', 1, '2019-01-04'),
(259, 34, 17, 'Happy Birthday! Show this SMS at Jamie’s Cafe and get a 30% discount off your dinner! Yours, Jamie Fallanger.', 1, '2019-01-24'),
(260, 4, 8, 'Happy Birthday! Show this SMS at Jamie’s Cafe and get a 30% discount off your dinner! Yours, Jamie Fallanger.', 1, '2019-02-14'),
(261, 34, 17, 'Happy Birthday! Show this SMS at Jamie’s Cafe and get a 30% discount off your dinner! Yours, Jamie Fallanger.', 1, '2019-01-04'),
(262, 34, 17, 'Happy Birthday! Show this SMS at Jamie’s Cafe and get a 30% discount off your dinner! Yours, Jamie Fallanger.', 1, '2019-01-24'),
(263, 4, 8, 'Happy Birthday! Show this SMS at Jamie’s Cafe and get a 30% discount off your dinner! Yours, Jamie Fallanger.', 1, '2019-02-14'),
(264, 34, 17, 'Happy Birthday! Show this SMS at Jamie’s Cafe and get a 30% discount off your dinner! Yours, Jamie Fallanger.', 1, '2019-01-04'),
(265, 34, 17, 'Happy Birthday! Show this SMS at Jamie’s Cafe and get a 30% discount off your dinner! Yours, Jamie Fallanger.', 1, '2019-01-24'),
(266, 4, 8, 'Happy Birthday! Show this SMS at Jamie’s Cafe and get a 30% discount off your dinner! Yours, Jamie Fallanger.', 1, '2019-02-14'),
(267, 34, 17, 'Happy Birthday! Show this SMS at Jamie’s Cafe and get a 30% discount off your dinner! Yours, Jamie Fallanger.', 1, '2019-01-04'),
(268, 34, 17, 'Happy Birthday! Show this SMS at Jamie’s Cafe and get a 30% discount off your dinner! Yours, Jamie Fallanger.', 1, '2019-01-24'),
(269, 4, 8, 'Happy Birthday! Show this SMS at Jamie’s Cafe and get a 30% discount off your dinner! Yours, Jamie Fallanger.', 1, '2019-02-14'),
(270, 34, 17, 'Happy Birthday! Show this SMS at Jamie’s Cafe and get a 30% discount off your dinner! Yours, Jamie Fallanger.', 1, '2019-01-04'),
(271, 34, 17, 'Happy Birthday! Show this SMS at Jamie’s Cafe and get a 30% discount off your dinner! Yours, Jamie Fallanger.', 1, '2019-01-24'),
(272, 4, 8, 'Happy Birthday! Show this SMS at Jamie’s Cafe and get a 30% discount off your dinner! Yours, Jamie Fallanger.', 1, '2019-02-14'),
(273, 34, 17, 'Happy Birthday! Show this SMS at Jamie’s Cafe and get a 30% discount off your dinner! Yours, Jamie Fallanger.', 1, '2019-01-04'),
(274, 34, 17, 'Happy Birthday! Show this SMS at Jamie’s Cafe and get a 30% discount off your dinner! Yours, Jamie Fallanger.', 1, '2019-01-24'),
(275, 4, 8, 'Happy Birthday! Show this SMS at Jamie’s Cafe and get a 30% discount off your dinner! Yours, Jamie Fallanger.', 1, '2019-02-14'),
(276, 34, 17, 'Happy Birthday! Show this SMS at Jamie’s Cafe and get a 30% discount off your dinner! Yours, Jamie Fallanger.', 1, '2019-01-04'),
(277, 34, 17, 'Happy Birthday! Show this SMS at Jamie’s Cafe and get a 30% discount off your dinner! Yours, Jamie Fallanger.', 1, '2019-01-24'),
(278, 4, 8, 'Happy Birthday! Show this SMS at Jamie’s Cafe and get a 30% discount off your dinner! Yours, Jamie Fallanger.', 1, '2019-02-14'),
(279, 34, 17, 'Happy Birthday! Show this SMS at Jamie’s Cafe and get a 30% discount off your dinner! Yours, Jamie Fallanger.', 1, '2019-01-04'),
(280, 34, 17, 'Happy Birthday! Show this SMS at Jamie’s Cafe and get a 30% discount off your dinner! Yours, Jamie Fallanger.', 1, '2019-01-24'),
(281, 4, 8, 'Happy Birthday! Show this SMS at Jamie’s Cafe and get a 30% discount off your dinner! Yours, Jamie Fallanger.', 1, '2019-02-14'),
(282, 34, 17, 'Happy Birthday! Show this SMS at Jamie’s Cafe and get a 30% discount off your dinner! Yours, Jamie Fallanger.', 1, '2019-01-04'),
(283, 34, 17, 'Happy Birthday! Show this SMS at Jamie’s Cafe and get a 30% discount off your dinner! Yours, Jamie Fallanger.', 1, '2019-01-24'),
(284, 4, 8, 'Happy Birthday! Show this SMS at Jamie’s Cafe and get a 30% discount off your dinner! Yours, Jamie Fallanger.', 1, '2019-02-14'),
(285, 34, 17, 'Happy Birthday! Show this SMS at Jamie’s Cafe and get a 30% discount off your dinner! Yours, Jamie Fallanger.', 1, '2019-01-04'),
(286, 34, 17, 'Happy Birthday! Show this SMS at Jamie’s Cafe and get a 30% discount off your dinner! Yours, Jamie Fallanger.', 1, '2019-01-24'),
(287, 4, 8, 'Happy Birthday! Show this SMS at Jamie’s Cafe and get a 30% discount off your dinner! Yours, Jamie Fallanger.', 1, '2019-02-14'),
(288, 34, 17, 'Happy Birthday! Show this SMS at Jamie’s Cafe and get a 30% discount off your dinner! Yours, Jamie Fallanger.', 1, '2019-01-04'),
(289, 34, 17, 'Happy Birthday! Show this SMS at Jamie’s Cafe and get a 30% discount off your dinner! Yours, Jamie Fallanger.', 1, '2019-01-24'),
(290, 4, 8, 'Happy Birthday! Show this SMS at Jamie’s Cafe and get a 30% discount off your dinner! Yours, Jamie Fallanger.', 1, '2019-02-14'),
(291, 34, 17, 'Happy Birthday! Show this SMS at Jamie’s Cafe and get a 30% discount off your dinner! Yours, Jamie Fallanger.', 1, '2019-01-04'),
(292, 34, 17, 'Happy Birthday! Show this SMS at Jamie’s Cafe and get a 30% discount off your dinner! Yours, Jamie Fallanger.', 1, '2019-01-24'),
(293, 4, 8, 'Happy Birthday! Show this SMS at Jamie’s Cafe and get a 30% discount off your dinner! Yours, Jamie Fallanger.', 1, '2019-02-14'),
(294, 34, 17, 'Happy Birthday! Show this SMS at Jamie’s Cafe and get a 30% discount off your dinner! Yours, Jamie Fallanger.', 1, '2019-01-04'),
(295, 34, 17, 'Happy Birthday! Show this SMS at Jamie’s Cafe and get a 30% discount off your dinner! Yours, Jamie Fallanger.', 1, '2019-01-24'),
(296, 4, 8, 'Happy Birthday! Show this SMS at Jamie’s Cafe and get a 30% discount off your dinner! Yours, Jamie Fallanger.', 1, '2019-02-14'),
(297, 34, 17, 'Happy Birthday! Show this SMS at Jamie’s Cafe and get a 30% discount off your dinner! Yours, Jamie Fallanger.', 1, '2019-01-04'),
(298, 34, 17, 'Happy Birthday! Show this SMS at Jamie’s Cafe and get a 30% discount off your dinner! Yours, Jamie Fallanger.', 1, '2019-01-24'),
(299, 4, 8, 'Happy Birthday! Show this SMS at Jamie’s Cafe and get a 30% discount off your dinner! Yours, Jamie Fallanger.', 1, '2019-02-14'),
(300, 3, 9, 'Happy Birthday! Show this SMS at Jamie’s Cafe and get a 30% discount off your dinner! Yours, Jamie Fallanger.', 1, '2019-03-24'),
(301, 34, 17, 'Happy Birthday! Show this SMS at Jamie’s Cafe and get a 30% discount off your dinner! Yours, Jamie Fallanger.', 1, '2019-01-04'),
(302, 34, 17, 'Happy Birthday! Show this SMS at Jamie’s Cafe and get a 30% discount off your dinner! Yours, Jamie Fallanger.', 1, '2019-01-24'),
(303, 4, 8, 'Happy Birthday! Show this SMS at Jamie’s Cafe and get a 30% discount off your dinner! Yours, Jamie Fallanger.', 1, '2019-02-14'),
(304, 34, 17, 'Happy Birthday! Show this SMS at Jamie’s Cafe and get a 30% discount off your dinner! Yours, Jamie Fallanger.', 1, '2019-01-04'),
(305, 34, 17, 'Happy Birthday! Show this SMS at Jamie’s Cafe and get a 30% discount off your dinner! Yours, Jamie Fallanger.', 1, '2019-01-24'),
(306, 4, 8, 'Happy Birthday! Show this SMS at Jamie’s Cafe and get a 30% discount off your dinner! Yours, Jamie Fallanger.', 1, '2019-02-14'),
(307, 34, 17, 'Happy Birthday! Show this SMS at Jamie’s Cafe and get a 30% discount off your dinner! Yours, Jamie Fallanger.', 1, '2019-01-04'),
(308, 34, 17, 'Happy Birthday! Show this SMS at Jamie’s Cafe and get a 30% discount off your dinner! Yours, Jamie Fallanger.', 1, '2019-01-24'),
(309, 4, 8, 'Happy Birthday! Show this SMS at Jamie’s Cafe and get a 30% discount off your dinner! Yours, Jamie Fallanger.', 1, '2019-02-14'),
(310, 34, 17, 'Happy Birthday! Show this SMS at Jamie’s Cafe and get a 30% discount off your dinner! Yours, Jamie Fallanger.', 1, '2019-01-04'),
(311, 34, 17, 'Happy Birthday! Show this SMS at Jamie’s Cafe and get a 30% discount off your dinner! Yours, Jamie Fallanger.', 1, '2019-01-24'),
(312, 4, 8, 'Happy Birthday! Show this SMS at Jamie’s Cafe and get a 30% discount off your dinner! Yours, Jamie Fallanger.', 1, '2019-02-14'),
(313, 34, 17, 'Happy Birthday! Show this SMS at Jamie’s Cafe and get a 30% discount off your dinner! Yours, Jamie Fallanger.', 1, '2019-01-04'),
(314, 34, 17, 'Happy Birthday! Show this SMS at Jamie’s Cafe and get a 30% discount off your dinner! Yours, Jamie Fallanger.', 1, '2019-01-24'),
(315, 4, 8, 'Happy Birthday! Show this SMS at Jamie’s Cafe and get a 30% discount off your dinner! Yours, Jamie Fallanger.', 1, '2019-02-14'),
(316, 34, 17, 'Happy Birthday! Show this SMS at Jamie’s Cafe and get a 30% discount off your dinner! Yours, Jamie Fallanger.', 1, '2019-01-04'),
(317, 34, 17, 'Happy Birthday! Show this SMS at Jamie’s Cafe and get a 30% discount off your dinner! Yours, Jamie Fallanger.', 1, '2019-01-24'),
(318, 4, 8, 'Happy Birthday! Show this SMS at Jamie’s Cafe and get a 30% discount off your dinner! Yours, Jamie Fallanger.', 1, '2019-02-14'),
(319, 34, 17, 'Happy Birthday! Show this SMS at Jamie’s Cafe and get a 30% discount off your dinner! Yours, Jamie Fallanger.', 1, '2019-01-04'),
(320, 34, 17, 'Happy Birthday! Show this SMS at Jamie’s Cafe and get a 30% discount off your dinner! Yours, Jamie Fallanger.', 1, '2019-01-24'),
(321, 4, 8, 'Happy Birthday! Show this SMS at Jamie’s Cafe and get a 30% discount off your dinner! Yours, Jamie Fallanger.', 1, '2019-02-14'),
(322, 34, 17, 'Happy Birthday! Show this SMS at Jamie’s Cafe and get a 30% discount off your dinner! Yours, Jamie Fallanger.', 1, '2019-01-04'),
(323, 34, 17, 'Happy Birthday! Show this SMS at Jamie’s Cafe and get a 30% discount off your dinner! Yours, Jamie Fallanger.', 1, '2019-01-24'),
(324, 4, 8, 'Happy Birthday! Show this SMS at Jamie’s Cafe and get a 30% discount off your dinner! Yours, Jamie Fallanger.', 1, '2019-02-14'),
(325, 34, 17, 'Happy Birthday! Show this SMS at Jamie’s Cafe and get a 30% discount off your dinner! Yours, Jamie Fallanger.', 1, '2019-01-04'),
(326, 34, 17, 'Happy Birthday! Show this SMS at Jamie’s Cafe and get a 30% discount off your dinner! Yours, Jamie Fallanger.', 1, '2019-01-24'),
(327, 4, 8, 'Happy Birthday! Show this SMS at Jamie’s Cafe and get a 30% discount off your dinner! Yours, Jamie Fallanger.', 1, '2019-02-14'),
(328, 34, 17, 'Happy Birthday! Show this SMS at Jamie’s Cafe and get a 30% discount off your dinner! Yours, Jamie Fallanger.', 1, '2019-01-04'),
(329, 34, 17, 'Happy Birthday! Show this SMS at Jamie’s Cafe and get a 30% discount off your dinner! Yours, Jamie Fallanger.', 1, '2019-01-24'),
(330, 4, 8, 'Happy Birthday! Show this SMS at Jamie’s Cafe and get a 30% discount off your dinner! Yours, Jamie Fallanger.', 1, '2019-02-14'),
(331, 34, 17, 'Happy Birthday! Show this SMS at Jamie’s Cafe and get a 30% discount off your dinner! Yours, Jamie Fallanger.', 1, '2019-01-04'),
(332, 34, 17, 'Happy Birthday! Show this SMS at Jamie’s Cafe and get a 30% discount off your dinner! Yours, Jamie Fallanger.', 1, '2019-01-24'),
(333, 4, 8, 'Happy Birthday! Show this SMS at Jamie’s Cafe and get a 30% discount off your dinner! Yours, Jamie Fallanger.', 1, '2019-02-14'),
(334, 34, 17, 'Happy Birthday! Show this SMS at Jamie’s Cafe and get a 30% discount off your dinner! Yours, Jamie Fallanger.', 1, '2019-01-04'),
(335, 34, 17, 'Happy Birthday! Show this SMS at Jamie’s Cafe and get a 30% discount off your dinner! Yours, Jamie Fallanger.', 1, '2019-01-24'),
(336, 4, 8, 'Happy Birthday! Show this SMS at Jamie’s Cafe and get a 30% discount off your dinner! Yours, Jamie Fallanger.', 1, '2019-02-14'),
(337, 34, 17, 'Happy Birthday! Show this SMS at Jamie’s Cafe and get a 30% discount off your dinner! Yours, Jamie Fallanger.', 1, '2019-01-04'),
(338, 34, 17, 'Happy Birthday! Show this SMS at Jamie’s Cafe and get a 30% discount off your dinner! Yours, Jamie Fallanger.', 1, '2019-01-24'),
(339, 4, 8, 'Happy Birthday! Show this SMS at Jamie’s Cafe and get a 30% discount off your dinner! Yours, Jamie Fallanger.', 1, '2019-02-14'),
(340, 34, 17, 'Happy Birthday! Show this SMS at Jamie’s Cafe and get a 30% discount off your dinner! Yours, Jamie Fallanger.', 1, '2019-01-04'),
(341, 34, 17, 'Happy Birthday! Show this SMS at Jamie’s Cafe and get a 30% discount off your dinner! Yours, Jamie Fallanger.', 1, '2019-01-24'),
(342, 4, 8, 'Happy Birthday! Show this SMS at Jamie’s Cafe and get a 30% discount off your dinner! Yours, Jamie Fallanger.', 1, '2019-02-14'),
(343, 34, 17, 'Happy Birthday! Show this SMS at Jamie’s Cafe and get a 30% discount off your dinner! Yours, Jamie Fallanger.', 1, '2019-01-04'),
(344, 34, 17, 'Happy Birthday! Show this SMS at Jamie’s Cafe and get a 30% discount off your dinner! Yours, Jamie Fallanger.', 1, '2019-01-24'),
(345, 4, 8, 'Happy Birthday! Show this SMS at Jamie’s Cafe and get a 30% discount off your dinner! Yours, Jamie Fallanger.', 1, '2019-02-14'),
(346, 34, 17, 'Happy Birthday! Show this SMS at Jamie’s Cafe and get a 30% discount off your dinner! Yours, Jamie Fallanger.', 1, '2019-01-04'),
(347, 34, 17, 'Happy Birthday! Show this SMS at Jamie’s Cafe and get a 30% discount off your dinner! Yours, Jamie Fallanger.', 1, '2019-01-24');
INSERT INTO `send_log` (`log_id`, `usr_id`, `num_id`, `log_message`, `log_success`, `log_created`) VALUES
(348, 4, 8, 'Happy Birthday! Show this SMS at Jamie’s Cafe and get a 30% discount off your dinner! Yours, Jamie Fallanger.', 1, '2019-02-14'),
(349, 34, 17, 'Happy Birthday! Show this SMS at Jamie’s Cafe and get a 30% discount off your dinner! Yours, Jamie Fallanger.', 1, '2019-01-04'),
(350, 34, 17, 'Happy Birthday! Show this SMS at Jamie’s Cafe and get a 30% discount off your dinner! Yours, Jamie Fallanger.', 1, '2019-01-24'),
(351, 4, 8, 'Happy Birthday! Show this SMS at Jamie’s Cafe and get a 30% discount off your dinner! Yours, Jamie Fallanger.', 1, '2019-02-14'),
(352, 34, 17, 'Happy Birthday! Show this SMS at Jamie’s Cafe and get a 30% discount off your dinner! Yours, Jamie Fallanger.', 1, '2019-01-04'),
(353, 34, 17, 'Happy Birthday! Show this SMS at Jamie’s Cafe and get a 30% discount off your dinner! Yours, Jamie Fallanger.', 1, '2019-01-24'),
(354, 4, 8, 'Happy Birthday! Show this SMS at Jamie’s Cafe and get a 30% discount off your dinner! Yours, Jamie Fallanger.', 1, '2019-02-14'),
(355, 34, 17, 'Happy Birthday! Show this SMS at Jamie’s Cafe and get a 30% discount off your dinner! Yours, Jamie Fallanger.', 1, '2019-01-04'),
(356, 34, 17, 'Happy Birthday! Show this SMS at Jamie’s Cafe and get a 30% discount off your dinner! Yours, Jamie Fallanger.', 1, '2019-01-24'),
(357, 4, 8, 'Happy Birthday! Show this SMS at Jamie’s Cafe and get a 30% discount off your dinner! Yours, Jamie Fallanger.', 1, '2019-02-14'),
(358, 34, 17, 'Happy Birthday! Show this SMS at Jamie’s Cafe and get a 30% discount off your dinner! Yours, Jamie Fallanger.', 1, '2019-01-04'),
(359, 34, 17, 'Happy Birthday! Show this SMS at Jamie’s Cafe and get a 30% discount off your dinner! Yours, Jamie Fallanger.', 1, '2019-01-24'),
(360, 4, 8, 'Happy Birthday! Show this SMS at Jamie’s Cafe and get a 30% discount off your dinner! Yours, Jamie Fallanger.', 1, '2019-02-14'),
(361, 34, 17, 'Happy Birthday! Show this SMS at Jamie’s Cafe and get a 30% discount off your dinner! Yours, Jamie Fallanger.', 1, '2019-01-04'),
(362, 34, 17, 'Happy Birthday! Show this SMS at Jamie’s Cafe and get a 30% discount off your dinner! Yours, Jamie Fallanger.', 1, '2019-01-24'),
(363, 4, 8, 'Happy Birthday! Show this SMS at Jamie’s Cafe and get a 30% discount off your dinner! Yours, Jamie Fallanger.', 1, '2019-02-14'),
(364, 34, 17, 'Happy Birthday! Show this SMS at Jamie’s Cafe and get a 30% discount off your dinner! Yours, Jamie Fallanger.', 1, '2019-01-04'),
(365, 34, 17, 'Happy Birthday! Show this SMS at Jamie’s Cafe and get a 30% discount off your dinner! Yours, Jamie Fallanger.', 1, '2019-01-24'),
(366, 4, 8, 'Happy Birthday! Show this SMS at Jamie’s Cafe and get a 30% discount off your dinner! Yours, Jamie Fallanger.', 1, '2019-02-14'),
(367, 34, 17, 'Happy Birthday! Show this SMS at Jamie’s Cafe and get a 30% discount off your dinner! Yours, Jamie Fallanger.', 1, '2019-01-04'),
(368, 34, 17, 'Happy Birthday! Show this SMS at Jamie’s Cafe and get a 30% discount off your dinner! Yours, Jamie Fallanger.', 1, '2019-01-24'),
(369, 4, 8, 'Happy Birthday! Show this SMS at Jamie’s Cafe and get a 30% discount off your dinner! Yours, Jamie Fallanger.', 1, '2019-02-14'),
(370, 34, 17, 'Happy Birthday! Show this SMS at Jamie’s Cafe and get a 30% discount off your dinner! Yours, Jamie Fallanger.', 1, '2019-01-04'),
(371, 34, 17, 'Happy Birthday! Show this SMS at Jamie’s Cafe and get a 30% discount off your dinner! Yours, Jamie Fallanger.', 1, '2019-01-24'),
(372, 4, 8, 'Happy Birthday! Show this SMS at Jamie’s Cafe and get a 30% discount off your dinner! Yours, Jamie Fallanger.', 1, '2019-02-14'),
(373, 34, 17, 'Happy Birthday! Show this SMS at Jamie’s Cafe and get a 30% discount off your dinner! Yours, Jamie Fallanger.', 1, '2019-01-04'),
(374, 34, 17, 'Happy Birthday! Show this SMS at Jamie’s Cafe and get a 30% discount off your dinner! Yours, Jamie Fallanger.', 1, '2019-01-24'),
(375, 4, 8, 'Happy Birthday! Show this SMS at Jamie’s Cafe and get a 30% discount off your dinner! Yours, Jamie Fallanger.', 1, '2019-02-14'),
(376, 34, 17, 'Happy Birthday! Show this SMS at Jamie’s Cafe and get a 30% discount off your dinner! Yours, Jamie Fallanger.', 1, '2019-01-04'),
(377, 34, 17, 'Happy Birthday! Show this SMS at Jamie’s Cafe and get a 30% discount off your dinner! Yours, Jamie Fallanger.', 1, '2019-01-24'),
(378, 4, 8, 'Happy Birthday! Show this SMS at Jamie’s Cafe and get a 30% discount off your dinner! Yours, Jamie Fallanger.', 1, '2019-02-14'),
(379, 34, 17, 'Happy Birthday! Show this SMS at Jamie’s Cafe and get a 30% discount off your dinner! Yours, Jamie Fallanger.', 1, '2019-01-04'),
(380, 34, 17, 'Happy Birthday! Show this SMS at Jamie’s Cafe and get a 30% discount off your dinner! Yours, Jamie Fallanger.', 1, '2019-01-24'),
(381, 4, 8, 'Happy Birthday! Show this SMS at Jamie’s Cafe and get a 30% discount off your dinner! Yours, Jamie Fallanger.', 1, '2019-02-14'),
(382, 34, 17, 'Happy Birthday! Show this SMS at Jamie’s Cafe and get a 30% discount off your dinner! Yours, Jamie Fallanger.', 1, '2019-01-04'),
(383, 34, 17, 'Happy Birthday! Show this SMS at Jamie’s Cafe and get a 30% discount off your dinner! Yours, Jamie Fallanger.', 1, '2019-01-24'),
(384, 4, 8, 'Happy Birthday! Show this SMS at Jamie’s Cafe and get a 30% discount off your dinner! Yours, Jamie Fallanger.', 1, '2019-02-14'),
(385, 34, 17, 'Happy Birthday! Show this SMS at Jamie’s Cafe and get a 30% discount off your dinner! Yours, Jamie Fallanger.', 1, '2019-01-04'),
(386, 34, 17, 'Happy Birthday! Show this SMS at Jamie’s Cafe and get a 30% discount off your dinner! Yours, Jamie Fallanger.', 1, '2019-01-24'),
(387, 4, 8, 'Happy Birthday! Show this SMS at Jamie’s Cafe and get a 30% discount off your dinner! Yours, Jamie Fallanger.', 1, '2019-02-14'),
(388, 34, 17, 'Happy Birthday! Show this SMS at Jamie’s Cafe and get a 30% discount off your dinner! Yours, Jamie Fallanger.', 1, '2019-01-04'),
(389, 34, 17, 'Happy Birthday! Show this SMS at Jamie’s Cafe and get a 30% discount off your dinner! Yours, Jamie Fallanger.', 1, '2019-01-24'),
(390, 4, 8, 'Happy Birthday! Show this SMS at Jamie’s Cafe and get a 30% discount off your dinner! Yours, Jamie Fallanger.', 1, '2019-02-14'),
(391, 34, 17, 'Happy Birthday! Show this SMS at Jamie’s Cafe and get a 30% discount off your dinner! Yours, Jamie Fallanger.', 1, '2019-01-04'),
(392, 34, 17, 'Happy Birthday! Show this SMS at Jamie’s Cafe and get a 30% discount off your dinner! Yours, Jamie Fallanger.', 1, '2019-01-24'),
(393, 4, 8, 'Happy Birthday! Show this SMS at Jamie’s Cafe and get a 30% discount off your dinner! Yours, Jamie Fallanger.', 1, '2019-02-14'),
(394, 3, 9, 'Happy Birthday! Show this SMS at Jamie’s Cafe and get a 30% discount off your dinner! Yours, Jamie Fallanger.', 1, '2019-03-24'),
(395, 34, 17, 'Happy Birthday! Show this SMS at Jamie’s Cafe and get a 30% discount off your dinner! Yours, Jamie Fallanger.', 1, '2019-01-04'),
(396, 34, 17, 'Happy Birthday! Show this SMS at Jamie’s Cafe and get a 30% discount off your dinner! Yours, Jamie Fallanger.', 1, '2019-01-24'),
(397, 4, 8, 'Happy Birthday! Show this SMS at Jamie’s Cafe and get a 30% discount off your dinner! Yours, Jamie Fallanger.', 1, '2019-02-14'),
(398, 34, 17, 'Happy Birthday! Show this SMS at Jamie’s Cafe and get a 30% discount off your dinner! Yours, Jamie Fallanger.', 1, '2019-01-04'),
(399, 34, 17, 'Happy Birthday! Show this SMS at Jamie’s Cafe and get a 30% discount off your dinner! Yours, Jamie Fallanger.', 1, '2019-01-24'),
(400, 4, 8, 'Happy Birthday! Show this SMS at Jamie’s Cafe and get a 30% discount off your dinner! Yours, Jamie Fallanger.', 1, '2019-02-14'),
(401, 34, 17, 'Happy Birthday! Show this SMS at Jamie’s Cafe and get a 30% discount off your dinner! Yours, Jamie Fallanger.', 1, '2019-01-04'),
(402, 34, 17, 'Happy Birthday! Show this SMS at Jamie’s Cafe and get a 30% discount off your dinner! Yours, Jamie Fallanger.', 1, '2019-01-24'),
(403, 4, 8, 'Happy Birthday! Show this SMS at Jamie’s Cafe and get a 30% discount off your dinner! Yours, Jamie Fallanger.', 1, '2019-02-14'),
(404, 34, 17, 'Happy Birthday! Show this SMS at Jamie’s Cafe and get a 30% discount off your dinner! Yours, Jamie Fallanger.', 1, '2019-01-04'),
(405, 34, 17, 'Happy Birthday! Show this SMS at Jamie’s Cafe and get a 30% discount off your dinner! Yours, Jamie Fallanger.', 1, '2019-01-24'),
(406, 4, 8, 'Happy Birthday! Show this SMS at Jamie’s Cafe and get a 30% discount off your dinner! Yours, Jamie Fallanger.', 1, '2019-02-14'),
(407, 34, 17, 'Happy Birthday! Show this SMS at Jamie’s Cafe and get a 30% discount off your dinner! Yours, Jamie Fallanger.', 1, '2019-01-04'),
(408, 34, 17, 'Happy Birthday! Show this SMS at Jamie’s Cafe and get a 30% discount off your dinner! Yours, Jamie Fallanger.', 1, '2019-01-24'),
(409, 4, 8, 'Happy Birthday! Show this SMS at Jamie’s Cafe and get a 30% discount off your dinner! Yours, Jamie Fallanger.', 1, '2019-02-14'),
(410, 34, 17, 'Happy Birthday! Show this SMS at Jamie’s Cafe and get a 30% discount off your dinner! Yours, Jamie Fallanger.', 1, '2019-01-04'),
(411, 34, 17, 'Happy Birthday! Show this SMS at Jamie’s Cafe and get a 30% discount off your dinner! Yours, Jamie Fallanger.', 1, '2019-01-24'),
(412, 4, 8, 'Happy Birthday! Show this SMS at Jamie’s Cafe and get a 30% discount off your dinner! Yours, Jamie Fallanger.', 1, '2019-02-14'),
(413, 34, 17, 'Happy Birthday! Show this SMS at Jamie’s Cafe and get a 30% discount off your dinner! Yours, Jamie Fallanger.', 1, '2019-01-04'),
(414, 34, 17, 'Happy Birthday! Show this SMS at Jamie’s Cafe and get a 30% discount off your dinner! Yours, Jamie Fallanger.', 1, '2019-01-24'),
(415, 4, 8, 'Happy Birthday! Show this SMS at Jamie’s Cafe and get a 30% discount off your dinner! Yours, Jamie Fallanger.', 1, '2019-02-14'),
(416, 34, 17, 'Happy Birthday! Show this SMS at Jamie’s Cafe and get a 30% discount off your dinner! Yours, Jamie Fallanger.', 1, '2019-01-04'),
(417, 34, 17, 'Happy Birthday! Show this SMS at Jamie’s Cafe and get a 30% discount off your dinner! Yours, Jamie Fallanger.', 1, '2019-01-24'),
(418, 4, 8, 'Happy Birthday! Show this SMS at Jamie’s Cafe and get a 30% discount off your dinner! Yours, Jamie Fallanger.', 1, '2019-02-14'),
(419, 34, 17, 'Happy Birthday! Show this SMS at Jamie’s Cafe and get a 30% discount off your dinner! Yours, Jamie Fallanger.', 1, '2019-01-04'),
(420, 34, 17, 'Happy Birthday! Show this SMS at Jamie’s Cafe and get a 30% discount off your dinner! Yours, Jamie Fallanger.', 1, '2019-01-24'),
(421, 4, 8, 'Happy Birthday! Show this SMS at Jamie’s Cafe and get a 30% discount off your dinner! Yours, Jamie Fallanger.', 1, '2019-02-14'),
(422, 34, 17, 'Happy Birthday! Show this SMS at Jamie’s Cafe and get a 30% discount off your dinner! Yours, Jamie Fallanger.', 1, '2019-01-04'),
(423, 34, 17, 'Happy Birthday! Show this SMS at Jamie’s Cafe and get a 30% discount off your dinner! Yours, Jamie Fallanger.', 1, '2019-01-24'),
(424, 4, 8, 'Happy Birthday! Show this SMS at Jamie’s Cafe and get a 30% discount off your dinner! Yours, Jamie Fallanger.', 1, '2019-02-14'),
(425, 34, 17, 'Happy Birthday! Show this SMS at Jamie’s Cafe and get a 30% discount off your dinner! Yours, Jamie Fallanger.', 1, '2019-01-04'),
(426, 34, 17, 'Happy Birthday! Show this SMS at Jamie’s Cafe and get a 30% discount off your dinner! Yours, Jamie Fallanger.', 1, '2019-01-24'),
(427, 4, 8, 'Happy Birthday! Show this SMS at Jamie’s Cafe and get a 30% discount off your dinner! Yours, Jamie Fallanger.', 1, '2019-02-14'),
(428, 34, 17, 'Happy Birthday! Show this SMS at Jamie’s Cafe and get a 30% discount off your dinner! Yours, Jamie Fallanger.', 1, '2019-01-04'),
(429, 34, 17, 'Happy Birthday! Show this SMS at Jamie’s Cafe and get a 30% discount off your dinner! Yours, Jamie Fallanger.', 1, '2019-01-24'),
(430, 4, 8, 'Happy Birthday! Show this SMS at Jamie’s Cafe and get a 30% discount off your dinner! Yours, Jamie Fallanger.', 1, '2019-02-14'),
(431, 34, 17, 'Happy Birthday! Show this SMS at Jamie’s Cafe and get a 30% discount off your dinner! Yours, Jamie Fallanger.', 1, '2019-01-04'),
(432, 34, 17, 'Happy Birthday! Show this SMS at Jamie’s Cafe and get a 30% discount off your dinner! Yours, Jamie Fallanger.', 1, '2019-01-24'),
(433, 4, 8, 'Happy Birthday! Show this SMS at Jamie’s Cafe and get a 30% discount off your dinner! Yours, Jamie Fallanger.', 1, '2019-02-14'),
(434, 34, 17, 'Happy Birthday! Show this SMS at Jamie’s Cafe and get a 30% discount off your dinner! Yours, Jamie Fallanger.', 1, '2019-01-04'),
(435, 34, 17, 'Happy Birthday! Show this SMS at Jamie’s Cafe and get a 30% discount off your dinner! Yours, Jamie Fallanger.', 1, '2019-01-24'),
(436, 4, 8, 'Happy Birthday! Show this SMS at Jamie’s Cafe and get a 30% discount off your dinner! Yours, Jamie Fallanger.', 1, '2019-02-14'),
(437, 34, 17, 'Happy Birthday! Show this SMS at Jamie’s Cafe and get a 30% discount off your dinner! Yours, Jamie Fallanger.', 1, '2019-01-04'),
(438, 34, 17, 'Happy Birthday! Show this SMS at Jamie’s Cafe and get a 30% discount off your dinner! Yours, Jamie Fallanger.', 1, '2019-01-24'),
(439, 4, 8, 'Happy Birthday! Show this SMS at Jamie’s Cafe and get a 30% discount off your dinner! Yours, Jamie Fallanger.', 1, '2019-02-14'),
(440, 34, 17, 'Happy Birthday! Show this SMS at Jamie’s Cafe and get a 30% discount off your dinner! Yours, Jamie Fallanger.', 1, '2019-01-04'),
(441, 34, 17, 'Happy Birthday! Show this SMS at Jamie’s Cafe and get a 30% discount off your dinner! Yours, Jamie Fallanger.', 1, '2019-01-24'),
(442, 4, 8, 'Happy Birthday! Show this SMS at Jamie’s Cafe and get a 30% discount off your dinner! Yours, Jamie Fallanger.', 1, '2019-02-14'),
(443, 34, 17, 'Happy Birthday! Show this SMS at Jamie’s Cafe and get a 30% discount off your dinner! Yours, Jamie Fallanger.', 1, '2019-01-04'),
(444, 34, 17, 'Happy Birthday! Show this SMS at Jamie’s Cafe and get a 30% discount off your dinner! Yours, Jamie Fallanger.', 1, '2019-01-24'),
(445, 4, 8, 'Happy Birthday! Show this SMS at Jamie’s Cafe and get a 30% discount off your dinner! Yours, Jamie Fallanger.', 1, '2019-02-14'),
(446, 34, 17, 'Happy Birthday! Show this SMS at Jamie’s Cafe and get a 30% discount off your dinner! Yours, Jamie Fallanger.', 1, '2019-01-04'),
(447, 34, 17, 'Happy Birthday! Show this SMS at Jamie’s Cafe and get a 30% discount off your dinner! Yours, Jamie Fallanger.', 1, '2019-01-24'),
(448, 4, 8, 'Happy Birthday! Show this SMS at Jamie’s Cafe and get a 30% discount off your dinner! Yours, Jamie Fallanger.', 1, '2019-02-14'),
(449, 34, 17, 'Happy Birthday! Show this SMS at Jamie’s Cafe and get a 30% discount off your dinner! Yours, Jamie Fallanger.', 1, '2019-01-04'),
(450, 34, 17, 'Happy Birthday! Show this SMS at Jamie’s Cafe and get a 30% discount off your dinner! Yours, Jamie Fallanger.', 1, '2019-01-24'),
(451, 4, 8, 'Happy Birthday! Show this SMS at Jamie’s Cafe and get a 30% discount off your dinner! Yours, Jamie Fallanger.', 1, '2019-02-14'),
(452, 34, 17, 'Happy Birthday! Show this SMS at Jamie’s Cafe and get a 30% discount off your dinner! Yours, Jamie Fallanger.', 1, '2019-01-04'),
(453, 34, 17, 'Happy Birthday! Show this SMS at Jamie’s Cafe and get a 30% discount off your dinner! Yours, Jamie Fallanger.', 1, '2019-01-24'),
(454, 4, 8, 'Happy Birthday! Show this SMS at Jamie’s Cafe and get a 30% discount off your dinner! Yours, Jamie Fallanger.', 1, '2019-02-14'),
(455, 34, 17, 'Happy Birthday! Show this SMS at Jamie’s Cafe and get a 30% discount off your dinner! Yours, Jamie Fallanger.', 1, '2019-01-04'),
(456, 34, 17, 'Happy Birthday! Show this SMS at Jamie’s Cafe and get a 30% discount off your dinner! Yours, Jamie Fallanger.', 1, '2019-01-24'),
(457, 4, 8, 'Happy Birthday! Show this SMS at Jamie’s Cafe and get a 30% discount off your dinner! Yours, Jamie Fallanger.', 1, '2019-02-14'),
(458, 34, 17, 'Happy Birthday! Show this SMS at Jamie’s Cafe and get a 30% discount off your dinner! Yours, Jamie Fallanger.', 1, '2019-01-04'),
(459, 34, 17, 'Happy Birthday! Show this SMS at Jamie’s Cafe and get a 30% discount off your dinner! Yours, Jamie Fallanger.', 1, '2019-01-24'),
(460, 4, 8, 'Happy Birthday! Show this SMS at Jamie’s Cafe and get a 30% discount off your dinner! Yours, Jamie Fallanger.', 1, '2019-02-14'),
(461, 34, 17, 'Happy Birthday! Show this SMS at Jamie’s Cafe and get a 30% discount off your dinner! Yours, Jamie Fallanger.', 1, '2019-01-04'),
(462, 34, 17, 'Happy Birthday! Show this SMS at Jamie’s Cafe and get a 30% discount off your dinner! Yours, Jamie Fallanger.', 1, '2019-01-24'),
(463, 4, 8, 'Happy Birthday! Show this SMS at Jamie’s Cafe and get a 30% discount off your dinner! Yours, Jamie Fallanger.', 1, '2019-02-14'),
(464, 34, 17, 'Happy Birthday! Show this SMS at Jamie’s Cafe and get a 30% discount off your dinner! Yours, Jamie Fallanger.', 1, '2019-01-04'),
(465, 34, 17, 'Happy Birthday! Show this SMS at Jamie’s Cafe and get a 30% discount off your dinner! Yours, Jamie Fallanger.', 1, '2019-01-24'),
(466, 4, 8, 'Happy Birthday! Show this SMS at Jamie’s Cafe and get a 30% discount off your dinner! Yours, Jamie Fallanger.', 1, '2019-02-14'),
(467, 34, 17, 'Happy Birthday! Show this SMS at Jamie’s Cafe and get a 30% discount off your dinner! Yours, Jamie Fallanger.', 1, '2019-01-04'),
(468, 34, 17, 'Happy Birthday! Show this SMS at Jamie’s Cafe and get a 30% discount off your dinner! Yours, Jamie Fallanger.', 1, '2019-01-24'),
(469, 4, 8, 'Happy Birthday! Show this SMS at Jamie’s Cafe and get a 30% discount off your dinner! Yours, Jamie Fallanger.', 1, '2019-02-14'),
(470, 34, 17, 'Happy Birthday! Show this SMS at Jamie’s Cafe and get a 30% discount off your dinner! Yours, Jamie Fallanger.', 1, '2019-01-04'),
(471, 34, 17, 'Happy Birthday! Show this SMS at Jamie’s Cafe and get a 30% discount off your dinner! Yours, Jamie Fallanger.', 1, '2019-01-24'),
(472, 4, 8, 'Happy Birthday! Show this SMS at Jamie’s Cafe and get a 30% discount off your dinner! Yours, Jamie Fallanger.', 1, '2019-02-14'),
(473, 34, 17, 'Happy Birthday! Show this SMS at Jamie’s Cafe and get a 30% discount off your dinner! Yours, Jamie Fallanger.', 1, '2019-01-04'),
(474, 34, 17, 'Happy Birthday! Show this SMS at Jamie’s Cafe and get a 30% discount off your dinner! Yours, Jamie Fallanger.', 1, '2019-01-24'),
(475, 4, 8, 'Happy Birthday! Show this SMS at Jamie’s Cafe and get a 30% discount off your dinner! Yours, Jamie Fallanger.', 1, '2019-02-14'),
(476, 34, 17, 'Happy Birthday! Show this SMS at Jamie’s Cafe and get a 30% discount off your dinner! Yours, Jamie Fallanger.', 1, '2019-01-04'),
(477, 34, 17, 'Happy Birthday! Show this SMS at Jamie’s Cafe and get a 30% discount off your dinner! Yours, Jamie Fallanger.', 1, '2019-01-24'),
(478, 4, 8, 'Happy Birthday! Show this SMS at Jamie’s Cafe and get a 30% discount off your dinner! Yours, Jamie Fallanger.', 1, '2019-02-14'),
(479, 34, 17, 'Happy Birthday! Show this SMS at Jamie’s Cafe and get a 30% discount off your dinner! Yours, Jamie Fallanger.', 1, '2019-01-04'),
(480, 34, 17, 'Happy Birthday! Show this SMS at Jamie’s Cafe and get a 30% discount off your dinner! Yours, Jamie Fallanger.', 1, '2019-01-24'),
(481, 4, 8, 'Happy Birthday! Show this SMS at Jamie’s Cafe and get a 30% discount off your dinner! Yours, Jamie Fallanger.', 1, '2019-02-14'),
(482, 34, 17, 'Happy Birthday! Show this SMS at Jamie’s Cafe and get a 30% discount off your dinner! Yours, Jamie Fallanger.', 1, '2019-01-04'),
(483, 34, 17, 'Happy Birthday! Show this SMS at Jamie’s Cafe and get a 30% discount off your dinner! Yours, Jamie Fallanger.', 1, '2019-01-24'),
(484, 4, 8, 'Happy Birthday! Show this SMS at Jamie’s Cafe and get a 30% discount off your dinner! Yours, Jamie Fallanger.', 1, '2019-02-14'),
(485, 34, 17, 'Happy Birthday! Show this SMS at Jamie’s Cafe and get a 30% discount off your dinner! Yours, Jamie Fallanger.', 1, '2019-01-04'),
(486, 34, 17, 'Happy Birthday! Show this SMS at Jamie’s Cafe and get a 30% discount off your dinner! Yours, Jamie Fallanger.', 1, '2019-01-24'),
(487, 4, 8, 'Happy Birthday! Show this SMS at Jamie’s Cafe and get a 30% discount off your dinner! Yours, Jamie Fallanger.', 1, '2019-02-14'),
(488, 3, 9, 'Happy Birthday! Show this SMS at Jamie’s Cafe and get a 30% discount off your dinner! Yours, Jamie Fallanger.', 1, '2019-03-24');

-- --------------------------------------------------------

--
-- Table structure for table `users`
--

DROP TABLE IF EXISTS `users`;
CREATE TABLE IF NOT EXISTS `users` (
  `usr_id` int(11) NOT NULL AUTO_INCREMENT,
  `usr_name` varchar(45) DEFAULT NULL,
  `usr_active` tinyint(4) DEFAULT NULL,
  `usr_create` date DEFAULT NULL,
  PRIMARY KEY (`usr_id`)
) ENGINE=InnoDB AUTO_INCREMENT=55 DEFAULT CHARSET=latin1;

--
-- Dumping data for table `users`
--

INSERT INTO `users` (`usr_id`, `usr_name`, `usr_active`, `usr_create`) VALUES
(1, 'Moshe A', 1, '2019-03-05'),
(2, 'Moshe B', 1, '2019-03-05'),
(3, 'Yakov A', 1, '2019-03-05'),
(4, 'Alex A', 1, '2019-03-05'),
(5, 'Sem A', 1, '2019-03-05'),
(6, 'Jon A', 1, '2019-03-05'),
(7, 'Samanta A', 1, '2019-03-05'),
(8, 'Mary A', 1, '2019-03-05'),
(9, 'Eva A', 1, '2019-03-05'),
(10, 'Stiv A', 1, '2019-03-05'),
(11, 'Angel', 1, '2019-03-05'),
(12, 'Nicola A', 1, '2019-03-05'),
(13, 'Victor A', 1, '2019-03-05'),
(14, 'Victoria A', 1, '2019-03-05'),
(15, 'Alex B', 1, '2019-03-05'),
(16, 'Tanya A', 1, '2019-03-05'),
(17, 'Alya G', 1, '2019-03-05'),
(18, 'Roman A', 1, '2019-03-05'),
(19, 'Yakov B', 1, '2019-03-05'),
(20, 'Alex C', 1, '2019-03-05'),
(21, 'Sem B', 1, '2019-03-05'),
(22, 'Jon B', 1, '2019-03-05'),
(23, 'Samanta B', 1, '2019-03-05'),
(24, 'Mary B', 1, '2019-03-05'),
(25, 'Eva B', 1, '2019-03-05'),
(26, 'Stiv B', 1, '2019-03-05'),
(27, 'Angel A', 1, '2019-03-05'),
(28, 'Moshe C', 1, '2019-03-05'),
(29, 'Moshe D', 1, '2019-03-05'),
(30, 'Yakov C', 1, '2019-03-05'),
(31, 'Alex D', 1, '2019-03-05'),
(32, 'Sem C', 1, '2019-03-05'),
(33, 'Jon C', 1, '2019-03-05'),
(34, 'Samanta C', 1, '2019-03-05'),
(35, 'Mary C', 1, '2019-03-05'),
(36, 'Eva C', 0, '2019-03-05'),
(37, 'Stiv C', 1, '2019-03-05'),
(38, 'Angel B', 1, '2019-03-05'),
(39, 'Nicola B', 1, '2019-03-05'),
(40, 'Victor B', 1, '2019-03-05'),
(41, 'Victoria B', 1, '2019-03-05'),
(42, 'Alex E', 1, '2019-03-05'),
(43, 'Tanya B', 1, '2019-03-05'),
(44, 'Alya  H', 1, '2019-03-05'),
(45, 'Roman B', 0, '2019-03-05'),
(46, 'Yakov D', 1, '2019-03-05'),
(47, 'Alex F', 0, '2019-03-05'),
(48, 'Sem D', 0, '2019-03-05'),
(49, 'Jon D', 0, '2019-03-05'),
(50, 'Samanta D', 1, '2019-03-05'),
(51, 'Mary D', 0, '2019-03-05'),
(52, 'Eva D', 1, '2019-03-05'),
(53, 'Stiv D', 0, '2019-03-05'),
(54, 'Angel C', 0, '2019-03-05');
COMMIT;

/*!40101 SET CHARACTER_SET_CLIENT=@OLD_CHARACTER_SET_CLIENT */;
/*!40101 SET CHARACTER_SET_RESULTS=@OLD_CHARACTER_SET_RESULTS */;
/*!40101 SET COLLATION_CONNECTION=@OLD_COLLATION_CONNECTION */;
